INFO 2025-11-11 22:13:32,062 autoreload 20796 14968 Watching for file changes with StatReloader
INFO 2025-11-11 22:13:53,297 basehttp 20796 9864 "GET / HTTP/1.1" 200 48392
WARNING 2025-11-11 22:13:53,554 basehttp 20796 9864 "GET /static/js/ready.js HTTP/1.1" 404 1792
INFO 2025-11-11 22:13:56,821 basehttp 20796 14452 "GET /api/check-account-status/ HTTP/1.1" 200 62
INFO 2025-11-11 22:13:57,128 basehttp 20796 20292 "GET /api/revenue-change/?year=2025&month=11 HTTP/1.1" 200 70
INFO 2025-11-11 22:13:57,681 basehttp 20796 21036 "GET /api/sales-vs-expenses/ HTTP/1.1" 200 2849
INFO 2025-11-11 22:13:58,560 basehttp 20796 14452 "GET /api/check-account-status/ HTTP/1.1" 200 62
INFO 2025-11-11 22:14:01,953 basehttp 20796 14452 "GET /api/check-account-status/ HTTP/1.1" 200 62
INFO 2025-11-11 22:14:02,080 basehttp 20796 16508 "GET /api/best-sellers/?year=2025&month=11 HTTP/1.1" 200 250
INFO 2025-11-11 22:14:04,953 basehttp 20796 16508 "GET /api/check-account-status/ HTTP/1.1" 200 62
INFO 2025-11-11 22:14:07,938 basehttp 20796 16508 "GET /api/check-account-status/ HTTP/1.1" 200 62
INFO 2025-11-11 22:14:10,596 basehttp 20796 16508 "GET /api/check-account-status/ HTTP/1.1" 200 62
INFO 2025-11-11 22:14:15,432 basehttp 20796 4876 "GET /api/check-account-status/ HTTP/1.1" 200 62
INFO 2025-11-11 22:14:17,139 basehttp 20796 4876 "GET /api/check-account-status/ HTTP/1.1" 200 62
INFO 2025-11-11 22:14:19,927 basehttp 20796 4876 "GET /api/check-account-status/ HTTP/1.1" 200 62
INFO 2025-11-11 22:14:22,919 basehttp 20796 4876 "GET /api/check-account-status/ HTTP/1.1" 200 62
INFO 2025-11-11 22:14:25,920 basehttp 20796 4876 "GET /api/check-account-status/ HTTP/1.1" 200 62
INFO 2025-11-11 22:14:28,934 basehttp 20796 4876 "GET /api/check-account-status/ HTTP/1.1" 200 62
INFO 2025-11-11 22:14:31,930 basehttp 20796 4876 "GET /api/check-account-status/ HTTP/1.1" 200 62
INFO 2025-11-11 22:14:34,917 basehttp 20796 4876 "GET /api/check-account-status/ HTTP/1.1" 200 62
INFO 2025-11-11 22:14:37,918 basehttp 20796 4876 "GET /api/check-account-status/ HTTP/1.1" 200 62
INFO 2025-11-11 22:14:40,926 basehttp 20796 4876 "GET /api/check-account-status/ HTTP/1.1" 200 62
INFO 2025-11-11 22:14:43,924 basehttp 20796 4876 "GET /api/check-account-status/ HTTP/1.1" 200 62
INFO 2025-11-11 22:14:46,933 basehttp 20796 4876 "GET /api/check-account-status/ HTTP/1.1" 200 62
INFO 2025-11-11 22:14:49,912 basehttp 20796 4876 "GET /api/check-account-status/ HTTP/1.1" 200 62
INFO 2025-11-11 22:14:52,921 basehttp 20796 4876 "GET /api/check-account-status/ HTTP/1.1" 200 62
INFO 2025-11-11 22:14:55,919 basehttp 20796 4876 "GET /api/check-account-status/ HTTP/1.1" 200 62
INFO 2025-11-11 22:15:00,625 basehttp 20796 10984 "GET /api/check-account-status/ HTTP/1.1" 200 62
INFO 2025-11-11 22:15:02,426 basehttp 20796 10984 "GET /api/check-account-status/ HTTP/1.1" 200 62
INFO 2025-11-11 22:15:05,023 basehttp 20796 10984 "GET /api/check-account-status/ HTTP/1.1" 200 62
INFO 2025-11-11 22:15:06,156 autoreload 20796 14968 C:\Users\ASUS\OneDrive\Desktop\capstone\Inventory-and-Sales-Management-System-for-Reals-Food-Products\projectsite\realsproj\models.py changed, reloading.
INFO 2025-11-11 22:15:08,972 autoreload 21280 20852 Watching for file changes with StatReloader
INFO 2025-11-11 22:16:41,464 basehttp 21280 3068 "GET /api/check-account-status/ HTTP/1.1" 200 62
INFO 2025-11-11 22:16:52,516 autoreload 21280 20852 C:\Users\ASUS\OneDrive\Desktop\capstone\Inventory-and-Sales-Management-System-for-Reals-Food-Products\projectsite\realsproj\views.py changed, reloading.
INFO 2025-11-11 22:17:20,246 autoreload 15764 19384 Watching for file changes with StatReloader
INFO 2025-11-12 11:21:09,412 autoreload 16612 5412 Watching for file changes with StatReloader
INFO 2025-11-12 11:21:17,583 basehttp 16612 17060 "GET /api/check-account-status/ HTTP/1.1" 200 62
INFO 2025-11-12 11:21:19,317 basehttp 16612 17060 "GET /api/check-account-status/ HTTP/1.1" 200 62
INFO 2025-11-12 11:21:21,030 basehttp 16612 17060 "GET /api/check-account-status/ HTTP/1.1" 200 62
INFO 2025-11-12 11:21:23,512 basehttp 16612 17060 "GET /api/check-account-status/ HTTP/1.1" 200 62
INFO 2025-11-12 11:21:26,499 basehttp 16612 17060 "GET /api/check-account-status/ HTTP/1.1" 200 62
INFO 2025-11-12 11:21:28,229 basehttp 16612 11500 "GET / HTTP/1.1" 200 49027
WARNING 2025-11-12 11:21:28,404 basehttp 16612 11500 "GET /static/js/ready.js HTTP/1.1" 404 1792
INFO 2025-11-12 11:21:29,493 basehttp 16612 17060 "GET /api/check-account-status/ HTTP/1.1" 200 62
INFO 2025-11-12 11:21:31,212 basehttp 16612 17060 "GET /api/check-account-status/ HTTP/1.1" 200 62
INFO 2025-11-12 11:21:31,815 basehttp 16612 16092 "GET /api/revenue-change/?year=2025&month=11 HTTP/1.1" 200 48
INFO 2025-11-12 11:21:32,353 basehttp 16612 7656 "GET /api/sales-vs-expenses/ HTTP/1.1" 200 2132
INFO 2025-11-12 11:21:32,936 basehttp 16612 17060 "GET /api/check-account-status/ HTTP/1.1" 200 62
INFO 2025-11-12 11:21:32,964 basehttp 16612 7776 "GET /api/best-sellers/?year=2025&month=11 HTTP/1.1" 200 69
INFO 2025-11-12 11:21:34,658 basehttp 16612 17060 "GET /api/check-account-status/ HTTP/1.1" 200 62
INFO 2025-11-12 11:21:36,373 basehttp 16612 17060 "GET /api/check-account-status/ HTTP/1.1" 200 62
INFO 2025-11-12 11:21:38,093 basehttp 16612 17060 "GET /api/check-account-status/ HTTP/1.1" 200 62
INFO 2025-11-12 11:21:39,814 basehttp 16612 17060 "GET /api/check-account-status/ HTTP/1.1" 200 62
INFO 2025-11-12 11:21:41,535 basehttp 16612 17060 "GET /api/check-account-status/ HTTP/1.1" 200 62
INFO 2025-11-12 11:21:43,251 basehttp 16612 17060 "GET /api/check-account-status/ HTTP/1.1" 200 62
INFO 2025-11-12 11:21:44,970 basehttp 16612 17060 "GET /api/check-account-status/ HTTP/1.1" 200 62
INFO 2025-11-12 11:21:46,693 basehttp 16612 17060 "GET /api/check-account-status/ HTTP/1.1" 200 62
INFO 2025-11-12 11:21:48,412 basehttp 16612 17060 "GET /api/check-account-status/ HTTP/1.1" 200 62
INFO 2025-11-12 11:21:50,132 basehttp 16612 17060 "GET /api/check-account-status/ HTTP/1.1" 200 62
INFO 2025-11-12 11:21:51,843 basehttp 16612 17060 "GET /api/check-account-status/ HTTP/1.1" 200 62
INFO 2025-11-12 11:21:54,502 basehttp 16612 17060 "GET /api/check-account-status/ HTTP/1.1" 200 62
INFO 2025-11-12 11:21:59,169 basehttp 16612 18136 "GET /api/check-account-status/ HTTP/1.1" 200 62
INFO 2025-11-12 11:22:00,962 basehttp 16612 18136 "GET /api/check-account-status/ HTTP/1.1" 200 62
INFO 2025-11-12 11:22:03,587 basehttp 16612 18136 "GET /api/check-account-status/ HTTP/1.1" 200 62
INFO 2025-11-12 11:22:03,732 autoreload 16612 5412 C:\Users\ASUS\OneDrive\Desktop\capstone\Inventory-and-Sales-Management-System-for-Reals-Food-Products\projectsite\projectsite\settings.py changed, reloading.
INFO 2025-11-12 11:22:04,648 autoreload 18512 13352 Watching for file changes with StatReloader
WARNING 2025-11-12 11:22:05,124 log 18512 23068 Unauthorized: /api/check-account-status/
WARNING 2025-11-12 11:22:05,125 basehttp 18512 23068 "GET /api/check-account-status/ HTTP/1.1" 401 50
INFO 2025-11-12 11:22:07,783 basehttp 18512 17648 "GET / HTTP/1.1" 302 0
ERROR 2025-11-12 11:22:08,297 log 18512 17648 Internal Server Error: /login/
Traceback (most recent call last):
  File "C:\Users\ASUS\AppData\Local\Programs\Python\Python310\lib\site-packages\django\db\backends\utils.py", line 105, in _execute
    return self.cursor.execute(sql, params)
  File "C:\Users\ASUS\AppData\Local\Programs\Python\Python310\lib\site-packages\psycopg\cursor.py", line 97, in execute
    raise ex.with_traceback(None)
psycopg.errors.UndefinedTable: relation "notifications" does not exist
LINE 1: SELECT COUNT(*) AS "__count" FROM "notifications" WHERE NOT ...
                                          ^

The above exception was the direct cause of the following exception:

Traceback (most recent call last):
  File "C:\Users\ASUS\AppData\Local\Programs\Python\Python310\lib\site-packages\django\core\handlers\exception.py", line 55, in inner
    response = get_response(request)
  File "C:\Users\ASUS\AppData\Local\Programs\Python\Python310\lib\site-packages\django\core\handlers\base.py", line 197, in _get_response
    response = wrapped_callback(request, *callback_args, **callback_kwargs)
  File "C:\Users\ASUS\OneDrive\Desktop\capstone\Inventory-and-Sales-Management-System-for-Reals-Food-Products\projectsite\realsproj\views.py", line 5476, in login_view
    return render(request, 'login.html')
  File "C:\Users\ASUS\AppData\Local\Programs\Python\Python310\lib\site-packages\django\shortcuts.py", line 25, in render
    content = loader.render_to_string(template_name, context, request, using=using)
  File "C:\Users\ASUS\AppData\Local\Programs\Python\Python310\lib\site-packages\django\template\loader.py", line 62, in render_to_string
    return template.render(context, request)
  File "C:\Users\ASUS\AppData\Local\Programs\Python\Python310\lib\site-packages\django\template\backends\django.py", line 61, in render
    return self.template.render(context)
  File "C:\Users\ASUS\AppData\Local\Programs\Python\Python310\lib\site-packages\django\template\base.py", line 169, in render
    with context.bind_template(self):
  File "C:\Users\ASUS\AppData\Local\Programs\Python\Python310\lib\contextlib.py", line 135, in __enter__
    return next(self.gen)
  File "C:\Users\ASUS\AppData\Local\Programs\Python\Python310\lib\site-packages\django\template\context.py", line 254, in bind_template
    context = processor(self.request)
  File "C:\Users\ASUS\OneDrive\Desktop\capstone\Inventory-and-Sales-Management-System-for-Reals-Food-Products\projectsite\realsproj\context_processors.py", line 5, in notifications_context
    unread_count = Notifications.objects.filter(is_read=False).count()
  File "C:\Users\ASUS\AppData\Local\Programs\Python\Python310\lib\site-packages\django\db\models\query.py", line 620, in count
    return self.query.get_count(using=self.db)
  File "C:\Users\ASUS\AppData\Local\Programs\Python\Python310\lib\site-packages\django\db\models\sql\query.py", line 629, in get_count
    return obj.get_aggregation(using, {"__count": Count("*")})["__count"]
  File "C:\Users\ASUS\AppData\Local\Programs\Python\Python310\lib\site-packages\django\db\models\sql\query.py", line 615, in get_aggregation
    result = compiler.execute_sql(SINGLE)
  File "C:\Users\ASUS\AppData\Local\Programs\Python\Python310\lib\site-packages\django\db\models\sql\compiler.py", line 1562, in execute_sql
    cursor.execute(sql, params)
  File "C:\Users\ASUS\AppData\Local\Programs\Python\Python310\lib\site-packages\django\db\backends\utils.py", line 122, in execute
    return super().execute(sql, params)
  File "C:\Users\ASUS\AppData\Local\Programs\Python\Python310\lib\site-packages\django\db\backends\utils.py", line 79, in execute
    return self._execute_with_wrappers(
  File "C:\Users\ASUS\AppData\Local\Programs\Python\Python310\lib\site-packages\django\db\backends\utils.py", line 92, in _execute_with_wrappers
    return executor(sql, params, many, context)
  File "C:\Users\ASUS\AppData\Local\Programs\Python\Python310\lib\site-packages\django\db\backends\utils.py", line 100, in _execute
    with self.db.wrap_database_errors:
  File "C:\Users\ASUS\AppData\Local\Programs\Python\Python310\lib\site-packages\django\db\utils.py", line 91, in __exit__
    raise dj_exc_value.with_traceback(traceback) from exc_value
  File "C:\Users\ASUS\AppData\Local\Programs\Python\Python310\lib\site-packages\django\db\backends\utils.py", line 105, in _execute
    return self.cursor.execute(sql, params)
  File "C:\Users\ASUS\AppData\Local\Programs\Python\Python310\lib\site-packages\psycopg\cursor.py", line 97, in execute
    raise ex.with_traceback(None)
django.db.utils.ProgrammingError: relation "notifications" does not exist
LINE 1: SELECT COUNT(*) AS "__count" FROM "notifications" WHERE NOT ...
                                          ^
ERROR 2025-11-12 11:22:08,314 basehttp 18512 17648 "GET /login/?next=/ HTTP/1.1" 500 165264
INFO 2025-11-12 11:22:16,561 basehttp 18512 904 "GET / HTTP/1.1" 302 0
ERROR 2025-11-12 11:22:16,776 log 18512 904 Internal Server Error: /login/
Traceback (most recent call last):
  File "C:\Users\ASUS\AppData\Local\Programs\Python\Python310\lib\site-packages\django\db\backends\utils.py", line 105, in _execute
    return self.cursor.execute(sql, params)
  File "C:\Users\ASUS\AppData\Local\Programs\Python\Python310\lib\site-packages\psycopg\cursor.py", line 97, in execute
    raise ex.with_traceback(None)
psycopg.errors.UndefinedTable: relation "notifications" does not exist
LINE 1: SELECT COUNT(*) AS "__count" FROM "notifications" WHERE NOT ...
                                          ^

The above exception was the direct cause of the following exception:

Traceback (most recent call last):
  File "C:\Users\ASUS\AppData\Local\Programs\Python\Python310\lib\site-packages\django\core\handlers\exception.py", line 55, in inner
    response = get_response(request)
  File "C:\Users\ASUS\AppData\Local\Programs\Python\Python310\lib\site-packages\django\core\handlers\base.py", line 197, in _get_response
    response = wrapped_callback(request, *callback_args, **callback_kwargs)
  File "C:\Users\ASUS\OneDrive\Desktop\capstone\Inventory-and-Sales-Management-System-for-Reals-Food-Products\projectsite\realsproj\views.py", line 5476, in login_view
    return render(request, 'login.html')
  File "C:\Users\ASUS\AppData\Local\Programs\Python\Python310\lib\site-packages\django\shortcuts.py", line 25, in render
    content = loader.render_to_string(template_name, context, request, using=using)
  File "C:\Users\ASUS\AppData\Local\Programs\Python\Python310\lib\site-packages\django\template\loader.py", line 62, in render_to_string
    return template.render(context, request)
  File "C:\Users\ASUS\AppData\Local\Programs\Python\Python310\lib\site-packages\django\template\backends\django.py", line 61, in render
    return self.template.render(context)
  File "C:\Users\ASUS\AppData\Local\Programs\Python\Python310\lib\site-packages\django\template\base.py", line 169, in render
    with context.bind_template(self):
  File "C:\Users\ASUS\AppData\Local\Programs\Python\Python310\lib\contextlib.py", line 135, in __enter__
    return next(self.gen)
  File "C:\Users\ASUS\AppData\Local\Programs\Python\Python310\lib\site-packages\django\template\context.py", line 254, in bind_template
    context = processor(self.request)
  File "C:\Users\ASUS\OneDrive\Desktop\capstone\Inventory-and-Sales-Management-System-for-Reals-Food-Products\projectsite\realsproj\context_processors.py", line 5, in notifications_context
    unread_count = Notifications.objects.filter(is_read=False).count()
  File "C:\Users\ASUS\AppData\Local\Programs\Python\Python310\lib\site-packages\django\db\models\query.py", line 620, in count
    return self.query.get_count(using=self.db)
  File "C:\Users\ASUS\AppData\Local\Programs\Python\Python310\lib\site-packages\django\db\models\sql\query.py", line 629, in get_count
    return obj.get_aggregation(using, {"__count": Count("*")})["__count"]
  File "C:\Users\ASUS\AppData\Local\Programs\Python\Python310\lib\site-packages\django\db\models\sql\query.py", line 615, in get_aggregation
    result = compiler.execute_sql(SINGLE)
  File "C:\Users\ASUS\AppData\Local\Programs\Python\Python310\lib\site-packages\django\db\models\sql\compiler.py", line 1562, in execute_sql
    cursor.execute(sql, params)
  File "C:\Users\ASUS\AppData\Local\Programs\Python\Python310\lib\site-packages\django\db\backends\utils.py", line 122, in execute
    return super().execute(sql, params)
  File "C:\Users\ASUS\AppData\Local\Programs\Python\Python310\lib\site-packages\django\db\backends\utils.py", line 79, in execute
    return self._execute_with_wrappers(
  File "C:\Users\ASUS\AppData\Local\Programs\Python\Python310\lib\site-packages\django\db\backends\utils.py", line 92, in _execute_with_wrappers
    return executor(sql, params, many, context)
  File "C:\Users\ASUS\AppData\Local\Programs\Python\Python310\lib\site-packages\django\db\backends\utils.py", line 100, in _execute
    with self.db.wrap_database_errors:
  File "C:\Users\ASUS\AppData\Local\Programs\Python\Python310\lib\site-packages\django\db\utils.py", line 91, in __exit__
    raise dj_exc_value.with_traceback(traceback) from exc_value
  File "C:\Users\ASUS\AppData\Local\Programs\Python\Python310\lib\site-packages\django\db\backends\utils.py", line 105, in _execute
    return self.cursor.execute(sql, params)
  File "C:\Users\ASUS\AppData\Local\Programs\Python\Python310\lib\site-packages\psycopg\cursor.py", line 97, in execute
    raise ex.with_traceback(None)
django.db.utils.ProgrammingError: relation "notifications" does not exist
LINE 1: SELECT COUNT(*) AS "__count" FROM "notifications" WHERE NOT ...
                                          ^
ERROR 2025-11-12 11:22:16,776 basehttp 18512 904 "GET /login/?next=/ HTTP/1.1" 500 165264
INFO 2025-11-12 11:22:39,828 basehttp 18512 13888 "GET / HTTP/1.1" 302 0
ERROR 2025-11-12 11:22:39,940 log 18512 13888 Internal Server Error: /login/
Traceback (most recent call last):
  File "C:\Users\ASUS\AppData\Local\Programs\Python\Python310\lib\site-packages\django\db\backends\utils.py", line 105, in _execute
    return self.cursor.execute(sql, params)
  File "C:\Users\ASUS\AppData\Local\Programs\Python\Python310\lib\site-packages\psycopg\cursor.py", line 97, in execute
    raise ex.with_traceback(None)
psycopg.errors.UndefinedTable: relation "notifications" does not exist
LINE 1: SELECT COUNT(*) AS "__count" FROM "notifications" WHERE NOT ...
                                          ^

The above exception was the direct cause of the following exception:

Traceback (most recent call last):
  File "C:\Users\ASUS\AppData\Local\Programs\Python\Python310\lib\site-packages\django\core\handlers\exception.py", line 55, in inner
    response = get_response(request)
  File "C:\Users\ASUS\AppData\Local\Programs\Python\Python310\lib\site-packages\django\core\handlers\base.py", line 197, in _get_response
    response = wrapped_callback(request, *callback_args, **callback_kwargs)
  File "C:\Users\ASUS\OneDrive\Desktop\capstone\Inventory-and-Sales-Management-System-for-Reals-Food-Products\projectsite\realsproj\views.py", line 5476, in login_view
    return render(request, 'login.html')
  File "C:\Users\ASUS\AppData\Local\Programs\Python\Python310\lib\site-packages\django\shortcuts.py", line 25, in render
    content = loader.render_to_string(template_name, context, request, using=using)
  File "C:\Users\ASUS\AppData\Local\Programs\Python\Python310\lib\site-packages\django\template\loader.py", line 62, in render_to_string
    return template.render(context, request)
  File "C:\Users\ASUS\AppData\Local\Programs\Python\Python310\lib\site-packages\django\template\backends\django.py", line 61, in render
    return self.template.render(context)
  File "C:\Users\ASUS\AppData\Local\Programs\Python\Python310\lib\site-packages\django\template\base.py", line 169, in render
    with context.bind_template(self):
  File "C:\Users\ASUS\AppData\Local\Programs\Python\Python310\lib\contextlib.py", line 135, in __enter__
    return next(self.gen)
  File "C:\Users\ASUS\AppData\Local\Programs\Python\Python310\lib\site-packages\django\template\context.py", line 254, in bind_template
    context = processor(self.request)
  File "C:\Users\ASUS\OneDrive\Desktop\capstone\Inventory-and-Sales-Management-System-for-Reals-Food-Products\projectsite\realsproj\context_processors.py", line 5, in notifications_context
    unread_count = Notifications.objects.filter(is_read=False).count()
  File "C:\Users\ASUS\AppData\Local\Programs\Python\Python310\lib\site-packages\django\db\models\query.py", line 620, in count
    return self.query.get_count(using=self.db)
  File "C:\Users\ASUS\AppData\Local\Programs\Python\Python310\lib\site-packages\django\db\models\sql\query.py", line 629, in get_count
    return obj.get_aggregation(using, {"__count": Count("*")})["__count"]
  File "C:\Users\ASUS\AppData\Local\Programs\Python\Python310\lib\site-packages\django\db\models\sql\query.py", line 615, in get_aggregation
    result = compiler.execute_sql(SINGLE)
  File "C:\Users\ASUS\AppData\Local\Programs\Python\Python310\lib\site-packages\django\db\models\sql\compiler.py", line 1562, in execute_sql
    cursor.execute(sql, params)
  File "C:\Users\ASUS\AppData\Local\Programs\Python\Python310\lib\site-packages\django\db\backends\utils.py", line 122, in execute
    return super().execute(sql, params)
  File "C:\Users\ASUS\AppData\Local\Programs\Python\Python310\lib\site-packages\django\db\backends\utils.py", line 79, in execute
    return self._execute_with_wrappers(
  File "C:\Users\ASUS\AppData\Local\Programs\Python\Python310\lib\site-packages\django\db\backends\utils.py", line 92, in _execute_with_wrappers
    return executor(sql, params, many, context)
  File "C:\Users\ASUS\AppData\Local\Programs\Python\Python310\lib\site-packages\django\db\backends\utils.py", line 100, in _execute
    with self.db.wrap_database_errors:
  File "C:\Users\ASUS\AppData\Local\Programs\Python\Python310\lib\site-packages\django\db\utils.py", line 91, in __exit__
    raise dj_exc_value.with_traceback(traceback) from exc_value
  File "C:\Users\ASUS\AppData\Local\Programs\Python\Python310\lib\site-packages\django\db\backends\utils.py", line 105, in _execute
    return self.cursor.execute(sql, params)
  File "C:\Users\ASUS\AppData\Local\Programs\Python\Python310\lib\site-packages\psycopg\cursor.py", line 97, in execute
    raise ex.with_traceback(None)
django.db.utils.ProgrammingError: relation "notifications" does not exist
LINE 1: SELECT COUNT(*) AS "__count" FROM "notifications" WHERE NOT ...
                                          ^
ERROR 2025-11-12 11:22:39,942 basehttp 18512 13888 "GET /login/?next=/ HTTP/1.1" 500 165401
WARNING 2025-11-12 11:22:41,500 log 18512 13888 Unauthorized: /api/check-account-status/
WARNING 2025-11-12 11:22:41,501 basehttp 18512 13888 "GET /api/check-account-status/ HTTP/1.1" 401 50
ERROR 2025-11-12 11:22:43,592 log 18512 13888 Internal Server Error: /withdrawals/
Traceback (most recent call last):
  File "C:\Users\ASUS\AppData\Local\Programs\Python\Python310\lib\site-packages\django\db\backends\utils.py", line 105, in _execute
    return self.cursor.execute(sql, params)
  File "C:\Users\ASUS\AppData\Local\Programs\Python\Python310\lib\site-packages\psycopg\cursor.py", line 97, in execute
    raise ex.with_traceback(None)
psycopg.errors.UndefinedColumn: column withdrawals.is_archived does not exist
LINE 1: ...antity") AS "total" FROM "withdrawals" WHERE (NOT "withdrawa...
                                                             ^

The above exception was the direct cause of the following exception:

Traceback (most recent call last):
  File "C:\Users\ASUS\AppData\Local\Programs\Python\Python310\lib\site-packages\django\core\handlers\exception.py", line 55, in inner
    response = get_response(request)
  File "C:\Users\ASUS\AppData\Local\Programs\Python\Python310\lib\site-packages\django\core\handlers\base.py", line 197, in _get_response
    response = wrapped_callback(request, *callback_args, **callback_kwargs)
  File "C:\Users\ASUS\AppData\Local\Programs\Python\Python310\lib\site-packages\django\views\generic\base.py", line 104, in view
    return self.dispatch(request, *args, **kwargs)
  File "C:\Users\ASUS\AppData\Local\Programs\Python\Python310\lib\site-packages\django\views\generic\base.py", line 143, in dispatch
    return handler(request, *args, **kwargs)
  File "C:\Users\ASUS\AppData\Local\Programs\Python\Python310\lib\site-packages\django\views\generic\list.py", line 174, in get
    context = self.get_context_data()
  File "C:\Users\ASUS\OneDrive\Desktop\capstone\Inventory-and-Sales-Management-System-for-Reals-Food-Products\projectsite\realsproj\views.py", line 3504, in get_context_data
    total_withdrawals = all_withdrawals.aggregate(total=Sum('quantity'))['total'] or 0
  File "C:\Users\ASUS\AppData\Local\Programs\Python\Python310\lib\site-packages\django\db\models\query.py", line 604, in aggregate
    return self.query.chain().get_aggregation(self.db, kwargs)
  File "C:\Users\ASUS\AppData\Local\Programs\Python\Python310\lib\site-packages\django\db\models\sql\query.py", line 615, in get_aggregation
    result = compiler.execute_sql(SINGLE)
  File "C:\Users\ASUS\AppData\Local\Programs\Python\Python310\lib\site-packages\django\db\models\sql\compiler.py", line 1562, in execute_sql
    cursor.execute(sql, params)
  File "C:\Users\ASUS\AppData\Local\Programs\Python\Python310\lib\site-packages\django\db\backends\utils.py", line 122, in execute
    return super().execute(sql, params)
  File "C:\Users\ASUS\AppData\Local\Programs\Python\Python310\lib\site-packages\django\db\backends\utils.py", line 79, in execute
    return self._execute_with_wrappers(
  File "C:\Users\ASUS\AppData\Local\Programs\Python\Python310\lib\site-packages\django\db\backends\utils.py", line 92, in _execute_with_wrappers
    return executor(sql, params, many, context)
  File "C:\Users\ASUS\AppData\Local\Programs\Python\Python310\lib\site-packages\django\db\backends\utils.py", line 100, in _execute
    with self.db.wrap_database_errors:
  File "C:\Users\ASUS\AppData\Local\Programs\Python\Python310\lib\site-packages\django\db\utils.py", line 91, in __exit__
    raise dj_exc_value.with_traceback(traceback) from exc_value
  File "C:\Users\ASUS\AppData\Local\Programs\Python\Python310\lib\site-packages\django\db\backends\utils.py", line 105, in _execute
    return self.cursor.execute(sql, params)
  File "C:\Users\ASUS\AppData\Local\Programs\Python\Python310\lib\site-packages\psycopg\cursor.py", line 97, in execute
    raise ex.with_traceback(None)
django.db.utils.ProgrammingError: column withdrawals.is_archived does not exist
LINE 1: ...antity") AS "total" FROM "withdrawals" WHERE (NOT "withdrawa...
                                                             ^
ERROR 2025-11-12 11:22:43,597 basehttp 18512 13888 "GET /withdrawals/ HTTP/1.1" 500 152210
INFO 2025-11-12 11:25:20,893 autoreload 18512 13352 C:\Users\ASUS\OneDrive\Desktop\capstone\Inventory-and-Sales-Management-System-for-Reals-Food-Products\projectsite\realsproj\migrations\0013_fix_price_history_cascade.py changed, reloading.
INFO 2025-11-12 11:25:22,010 autoreload 7528 11568 Watching for file changes with StatReloader
INFO 2025-11-12 11:25:46,830 autoreload 6280 8260 Watching for file changes with StatReloader
INFO 2025-11-12 11:25:48,295 basehttp 7528 11960 "GET / HTTP/1.1" 302 0
ERROR 2025-11-12 11:25:49,299 log 7528 11960 Internal Server Error: /login/
Traceback (most recent call last):
  File "C:\Users\ASUS\AppData\Local\Programs\Python\Python310\lib\site-packages\django\db\backends\utils.py", line 105, in _execute
    return self.cursor.execute(sql, params)
  File "C:\Users\ASUS\AppData\Local\Programs\Python\Python310\lib\site-packages\psycopg\cursor.py", line 97, in execute
    raise ex.with_traceback(None)
psycopg.errors.UndefinedTable: relation "notifications" does not exist
LINE 1: SELECT COUNT(*) AS "__count" FROM "notifications" WHERE NOT ...
                                          ^

The above exception was the direct cause of the following exception:

Traceback (most recent call last):
  File "C:\Users\ASUS\AppData\Local\Programs\Python\Python310\lib\site-packages\django\core\handlers\exception.py", line 55, in inner
    response = get_response(request)
  File "C:\Users\ASUS\AppData\Local\Programs\Python\Python310\lib\site-packages\django\core\handlers\base.py", line 197, in _get_response
    response = wrapped_callback(request, *callback_args, **callback_kwargs)
  File "C:\Users\ASUS\OneDrive\Desktop\capstone\Inventory-and-Sales-Management-System-for-Reals-Food-Products\projectsite\realsproj\views.py", line 5476, in login_view
    return render(request, 'login.html')
  File "C:\Users\ASUS\AppData\Local\Programs\Python\Python310\lib\site-packages\django\shortcuts.py", line 25, in render
    content = loader.render_to_string(template_name, context, request, using=using)
  File "C:\Users\ASUS\AppData\Local\Programs\Python\Python310\lib\site-packages\django\template\loader.py", line 62, in render_to_string
    return template.render(context, request)
  File "C:\Users\ASUS\AppData\Local\Programs\Python\Python310\lib\site-packages\django\template\backends\django.py", line 61, in render
    return self.template.render(context)
  File "C:\Users\ASUS\AppData\Local\Programs\Python\Python310\lib\site-packages\django\template\base.py", line 169, in render
    with context.bind_template(self):
  File "C:\Users\ASUS\AppData\Local\Programs\Python\Python310\lib\contextlib.py", line 135, in __enter__
    return next(self.gen)
  File "C:\Users\ASUS\AppData\Local\Programs\Python\Python310\lib\site-packages\django\template\context.py", line 254, in bind_template
    context = processor(self.request)
  File "C:\Users\ASUS\OneDrive\Desktop\capstone\Inventory-and-Sales-Management-System-for-Reals-Food-Products\projectsite\realsproj\context_processors.py", line 5, in notifications_context
    unread_count = Notifications.objects.filter(is_read=False).count()
  File "C:\Users\ASUS\AppData\Local\Programs\Python\Python310\lib\site-packages\django\db\models\query.py", line 620, in count
    return self.query.get_count(using=self.db)
  File "C:\Users\ASUS\AppData\Local\Programs\Python\Python310\lib\site-packages\django\db\models\sql\query.py", line 629, in get_count
    return obj.get_aggregation(using, {"__count": Count("*")})["__count"]
  File "C:\Users\ASUS\AppData\Local\Programs\Python\Python310\lib\site-packages\django\db\models\sql\query.py", line 615, in get_aggregation
    result = compiler.execute_sql(SINGLE)
  File "C:\Users\ASUS\AppData\Local\Programs\Python\Python310\lib\site-packages\django\db\models\sql\compiler.py", line 1562, in execute_sql
    cursor.execute(sql, params)
  File "C:\Users\ASUS\AppData\Local\Programs\Python\Python310\lib\site-packages\django\db\backends\utils.py", line 122, in execute
    return super().execute(sql, params)
  File "C:\Users\ASUS\AppData\Local\Programs\Python\Python310\lib\site-packages\django\db\backends\utils.py", line 79, in execute
    return self._execute_with_wrappers(
  File "C:\Users\ASUS\AppData\Local\Programs\Python\Python310\lib\site-packages\django\db\backends\utils.py", line 92, in _execute_with_wrappers
    return executor(sql, params, many, context)
  File "C:\Users\ASUS\AppData\Local\Programs\Python\Python310\lib\site-packages\django\db\backends\utils.py", line 100, in _execute
    with self.db.wrap_database_errors:
  File "C:\Users\ASUS\AppData\Local\Programs\Python\Python310\lib\site-packages\django\db\utils.py", line 91, in __exit__
    raise dj_exc_value.with_traceback(traceback) from exc_value
  File "C:\Users\ASUS\AppData\Local\Programs\Python\Python310\lib\site-packages\django\db\backends\utils.py", line 105, in _execute
    return self.cursor.execute(sql, params)
  File "C:\Users\ASUS\AppData\Local\Programs\Python\Python310\lib\site-packages\psycopg\cursor.py", line 97, in execute
    raise ex.with_traceback(None)
django.db.utils.ProgrammingError: relation "notifications" does not exist
LINE 1: SELECT COUNT(*) AS "__count" FROM "notifications" WHERE NOT ...
                                          ^
ERROR 2025-11-12 11:25:49,361 basehttp 7528 11960 "GET /login/?next=/ HTTP/1.1" 500 165264
INFO 2025-11-12 11:26:05,034 autoreload 6280 8260 C:\Users\ASUS\OneDrive\Desktop\capstone\Inventory-and-Sales-Management-System-for-Reals-Food-Products\projectsite\realsproj\migrations\0013_fix_price_history_cascade.py changed, reloading.
INFO 2025-11-12 11:26:05,291 autoreload 7528 11568 C:\Users\ASUS\OneDrive\Desktop\capstone\Inventory-and-Sales-Management-System-for-Reals-Food-Products\projectsite\realsproj\migrations\0013_fix_price_history_cascade.py changed, reloading.
INFO 2025-11-12 11:26:07,538 autoreload 11368 6368 Watching for file changes with StatReloader
INFO 2025-11-12 11:26:07,738 autoreload 6608 7028 Watching for file changes with StatReloader
INFO 2025-11-12 11:28:12,586 autoreload 6608 7028 C:\Users\ASUS\OneDrive\Desktop\capstone\Inventory-and-Sales-Management-System-for-Reals-Food-Products\projectsite\projectsite\settings.py changed, reloading.
INFO 2025-11-12 11:28:12,939 autoreload 11368 6368 C:\Users\ASUS\OneDrive\Desktop\capstone\Inventory-and-Sales-Management-System-for-Reals-Food-Products\projectsite\projectsite\settings.py changed, reloading.
INFO 2025-11-12 11:28:13,642 autoreload 1808 4860 Watching for file changes with StatReloader
INFO 2025-11-12 11:28:13,925 autoreload 19260 19324 Watching for file changes with StatReloader
INFO 2025-11-12 11:28:20,995 basehttp 1808 21860 "GET /login/?next=/ HTTP/1.1" 200 38539
INFO 2025-11-12 11:28:21,219 basehttp 1808 22548 "GET /static/css/login.css HTTP/1.1" 200 1933
INFO 2025-11-12 11:28:21,233 basehttp 1808 21860 "GET /static/css/bootstrap.min.css HTTP/1.1" 200 144883
INFO 2025-11-12 11:28:21,233 basehttp 1808 17052 "GET /static/js/core/jquery.3.2.1.min.js HTTP/1.1" 200 86663
INFO 2025-11-12 11:28:21,235 basehttp 1808 5960 "GET /static/js/core/bootstrap.min.js HTTP/1.1" 200 48950
WARNING 2025-11-12 11:28:21,631 log 1808 5960 Not Found: /favicon.ico
WARNING 2025-11-12 11:28:21,631 basehttp 1808 5960 "GET /favicon.ico HTTP/1.1" 404 29221
INFO 2025-11-12 11:28:37,502 basehttp 1808 5960 "POST /login/?next=/ HTTP/1.1" 302 0
INFO 2025-11-12 11:28:51,280 basehttp 1808 24816 "GET /revenue-x-recent_sales HTTP/1.1" 200 50308
WARNING 2025-11-12 11:28:51,420 basehttp 1808 24816 "GET /static/js/ready.js HTTP/1.1" 404 1792
INFO 2025-11-12 11:28:54,807 basehttp 1808 25112 "GET /api/revenue-change/?year=2025&month=11 HTTP/1.1" 200 48
INFO 2025-11-12 11:28:54,901 basehttp 1808 7420 "GET /api/check-account-status/ HTTP/1.1" 200 62
INFO 2025-11-12 11:28:55,700 basehttp 1808 9396 "GET /api/sales-vs-expenses/ HTTP/1.1" 200 2132
INFO 2025-11-12 11:28:56,216 basehttp 1808 25544 "GET /api/best-sellers/?year=2025&month=11 HTTP/1.1" 200 69
INFO 2025-11-12 11:28:56,727 basehttp 1808 7420 "GET /api/check-account-status/ HTTP/1.1" 200 62
INFO 2025-11-12 11:28:59,309 basehttp 1808 7420 "GET /api/check-account-status/ HTTP/1.1" 200 62
INFO 2025-11-12 11:29:02,303 basehttp 1808 7420 "GET /api/check-account-status/ HTTP/1.1" 200 62
INFO 2025-11-12 11:29:03,813 basehttp 1808 25544 "GET /salesexpenses/ HTTP/1.1" 200 98174
WARNING 2025-11-12 11:29:03,948 basehttp 1808 25544 "GET /static/js/ready.js HTTP/1.1" 404 1792
INFO 2025-11-12 11:29:05,680 basehttp 1808 7420 "GET /api/check-account-status/ HTTP/1.1" 200 62
INFO 2025-11-12 11:29:07,480 basehttp 1808 7420 "GET /api/check-account-status/ HTTP/1.1" 200 62
INFO 2025-11-12 11:29:09,283 basehttp 1808 7420 "GET /api/check-account-status/ HTTP/1.1" 200 62
INFO 2025-11-12 11:29:11,083 basehttp 1808 7420 "GET /api/check-account-status/ HTTP/1.1" 200 62
INFO 2025-11-12 11:29:12,881 basehttp 1808 7420 "GET /api/check-account-status/ HTTP/1.1" 200 62
INFO 2025-11-12 11:29:14,680 basehttp 1808 7420 "GET /api/check-account-status/ HTTP/1.1" 200 62
INFO 2025-11-12 11:29:16,480 basehttp 1808 7420 "GET /api/check-account-status/ HTTP/1.1" 200 62
INFO 2025-11-12 11:29:18,277 basehttp 1808 7420 "GET /api/check-account-status/ HTTP/1.1" 200 62
INFO 2025-11-12 11:29:20,078 basehttp 1808 7420 "GET /api/check-account-status/ HTTP/1.1" 200 62
INFO 2025-11-12 11:29:21,085 basehttp 1808 9512 "GET /withdrawals/ HTTP/1.1" 200 139387
WARNING 2025-11-12 11:29:21,229 basehttp 1808 9512 "GET /static/js/ready.js HTTP/1.1" 404 1792
INFO 2025-11-12 11:29:21,870 basehttp 1808 7420 "GET /api/check-account-status/ HTTP/1.1" 200 62
INFO 2025-11-12 11:29:23,672 basehttp 1808 7420 "GET /api/check-account-status/ HTTP/1.1" 200 62
INFO 2025-11-12 11:29:25,474 basehttp 1808 7420 "GET /api/check-account-status/ HTTP/1.1" 200 62
INFO 2025-11-12 11:29:27,272 basehttp 1808 7420 "GET /api/check-account-status/ HTTP/1.1" 200 62
INFO 2025-11-12 11:29:28,891 basehttp 1808 6268 "GET /withdraw-item/ HTTP/1.1" 200 121854
WARNING 2025-11-12 11:29:28,961 basehttp 1808 6268 "GET /static/js/ready.js HTTP/1.1" 404 1792
INFO 2025-11-12 11:29:29,073 basehttp 1808 7420 "GET /api/check-account-status/ HTTP/1.1" 200 62
INFO 2025-11-12 11:29:30,862 basehttp 1808 7420 "GET /api/check-account-status/ HTTP/1.1" 200 62
INFO 2025-11-12 11:29:32,663 basehttp 1808 7420 "GET /api/check-account-status/ HTTP/1.1" 200 62
INFO 2025-11-12 11:29:34,466 basehttp 1808 7420 "GET /api/check-account-status/ HTTP/1.1" 200 62
INFO 2025-11-12 11:29:36,267 basehttp 1808 7420 "GET /api/check-account-status/ HTTP/1.1" 200 62
INFO 2025-11-12 11:29:38,064 basehttp 1808 7420 "GET /api/check-account-status/ HTTP/1.1" 200 62
INFO 2025-11-12 11:29:39,864 basehttp 1808 7420 "GET /api/check-account-status/ HTTP/1.1" 200 62
INFO 2025-11-12 11:29:41,664 basehttp 1808 7420 "GET /api/check-account-status/ HTTP/1.1" 200 62
INFO 2025-11-12 11:29:43,472 basehttp 1808 7420 "GET /api/check-account-status/ HTTP/1.1" 200 62
INFO 2025-11-12 11:29:45,277 basehttp 1808 7420 "GET /api/check-account-status/ HTTP/1.1" 200 62
INFO 2025-11-12 11:29:46,283 basehttp 1808 10752 "POST /withdraw-item/ HTTP/1.1" 302 0
INFO 2025-11-12 11:29:47,091 basehttp 1808 7420 "GET /api/check-account-status/ HTTP/1.1" 200 62
INFO 2025-11-12 11:29:48,886 basehttp 1808 7420 "GET /api/check-account-status/ HTTP/1.1" 200 62
INFO 2025-11-12 11:29:50,687 basehttp 1808 7420 "GET /api/check-account-status/ HTTP/1.1" 200 62
INFO 2025-11-12 11:29:52,485 basehttp 1808 7420 "GET /api/check-account-status/ HTTP/1.1" 200 62
INFO 2025-11-12 11:29:54,286 basehttp 1808 7420 "GET /api/check-account-status/ HTTP/1.1" 200 62
INFO 2025-11-12 11:29:56,107 basehttp 1808 7420 "GET /api/check-account-status/ HTTP/1.1" 200 62
INFO 2025-11-12 11:29:57,905 basehttp 1808 7420 "GET /api/check-account-status/ HTTP/1.1" 200 62
INFO 2025-11-12 11:29:59,701 basehttp 1808 7420 "GET /api/check-account-status/ HTTP/1.1" 200 62
INFO 2025-11-12 11:30:01,496 basehttp 1808 7420 "GET /api/check-account-status/ HTTP/1.1" 200 62
INFO 2025-11-12 11:30:03,299 basehttp 1808 7420 "GET /api/check-account-status/ HTTP/1.1" 200 62
INFO 2025-11-12 11:30:03,970 basehttp 1808 10752 "GET /withdrawals/ HTTP/1.1" 200 140691
WARNING 2025-11-12 11:30:04,037 basehttp 1808 10752 "GET /static/js/ready.js HTTP/1.1" 404 1792
INFO 2025-11-12 11:30:05,094 basehttp 1808 7420 "GET /api/check-account-status/ HTTP/1.1" 200 62
INFO 2025-11-12 11:30:06,896 basehttp 1808 7420 "GET /api/check-account-status/ HTTP/1.1" 200 62
INFO 2025-11-12 11:30:08,698 basehttp 1808 7420 "GET /api/check-account-status/ HTTP/1.1" 200 62
INFO 2025-11-12 11:30:10,499 basehttp 1808 7420 "GET /api/check-account-status/ HTTP/1.1" 200 62
INFO 2025-11-12 11:30:12,293 basehttp 1808 7420 "GET /api/check-account-status/ HTTP/1.1" 200 62
INFO 2025-11-12 11:30:12,979 basehttp 1808 21336 "GET /salesexpenses/ HTTP/1.1" 200 98180
INFO 2025-11-12 11:30:13,054 basehttp 1808 17656 "GET /static/css/demo.css HTTP/1.1" 200 1671
INFO 2025-11-12 11:30:13,062 basehttp 1808 16744 "GET /static/css/ready.css HTTP/1.1" 200 122138
INFO 2025-11-12 11:30:13,069 basehttp 1808 19920 "GET /static/css/base.css HTTP/1.1" 200 31662
INFO 2025-11-12 11:30:13,071 basehttp 1808 21112 "GET /static/css/bootstrap.min.css HTTP/1.1" 200 144883
INFO 2025-11-12 11:30:13,073 basehttp 1808 11500 "GET /static/img/reals.jpg HTTP/1.1" 200 105434
INFO 2025-11-12 11:30:13,082 basehttp 1808 17656 "GET /static/js/core/jquery.3.2.1.min.js HTTP/1.1" 200 86663
INFO 2025-11-12 11:30:13,083 basehttp 1808 11500 "GET /static/js/plugin/jquery-ui-1.12.1.custom/jquery-ui.min.js HTTP/1.1" 200 95109
INFO 2025-11-12 11:30:13,109 basehttp 1808 11500 "GET /static/js/core/popper.min.js HTTP/1.1" 200 18998
INFO 2025-11-12 11:30:13,111 basehttp 1808 17656 "GET /static/js/core/bootstrap.min.js HTTP/1.1" 200 48950
INFO 2025-11-12 11:30:13,118 basehttp 1808 11500 "GET /static/js/plugin/chartist/plugin/chartist-plugin-tooltip.min.js HTTP/1.1" 200 7371
INFO 2025-11-12 11:30:13,121 basehttp 1808 17656 "GET /static/js/plugin/chartist/chartist.min.js HTTP/1.1" 200 40223
INFO 2025-11-12 11:30:13,127 basehttp 1808 17656 "GET /static/js/plugin/bootstrap-notify/bootstrap-notify.min.js HTTP/1.1" 200 8976
INFO 2025-11-12 11:30:13,130 basehttp 1808 11500 "GET /static/js/plugin/bootstrap-toggle/bootstrap-toggle.min.js HTTP/1.1" 200 4137
INFO 2025-11-12 11:30:13,144 basehttp 1808 11500 "GET /static/js/plugin/jquery-mapael/jquery.mapael.min.js HTTP/1.1" 200 125093
INFO 2025-11-12 11:30:13,149 basehttp 1808 17656 "GET /static/js/plugin/jquery-mapael/maps/world_countries.min.js HTTP/1.1" 200 125623
INFO 2025-11-12 11:30:13,151 basehttp 1808 11500 "GET /static/js/plugin/chart-circle/circles.min.js HTTP/1.1" 200 5356
INFO 2025-11-12 11:30:13,169 basehttp 1808 11500 "GET /static/js/plugin/jquery-scrollbar/jquery.scrollbar.min.js HTTP/1.1" 200 12263
WARNING 2025-11-12 11:30:13,171 basehttp 1808 17656 "GET /static/js/ready.js HTTP/1.1" 404 1792
INFO 2025-11-12 11:30:14,122 basehttp 1808 7420 - Broken pipe from ('127.0.0.1', 51746)
INFO 2025-11-12 11:30:14,733 basehttp 1808 21336 "GET /api/check-account-status/ HTTP/1.1" 200 62
INFO 2025-11-12 11:30:16,482 basehttp 1808 21336 "GET /api/check-account-status/ HTTP/1.1" 200 62
INFO 2025-11-12 11:30:18,224 basehttp 1808 21336 "GET /api/check-account-status/ HTTP/1.1" 200 62
INFO 2025-11-12 11:30:19,961 basehttp 1808 21336 "GET /api/check-account-status/ HTTP/1.1" 200 62
INFO 2025-11-12 11:30:21,703 basehttp 1808 21336 "GET /api/check-account-status/ HTTP/1.1" 200 62
INFO 2025-11-12 11:30:23,445 basehttp 1808 21336 "GET /api/check-account-status/ HTTP/1.1" 200 62
INFO 2025-11-12 11:30:25,189 basehttp 1808 21336 "GET /api/check-account-status/ HTTP/1.1" 200 62
INFO 2025-11-12 11:30:26,931 basehttp 1808 21336 "GET /api/check-account-status/ HTTP/1.1" 200 62
INFO 2025-11-12 11:30:28,669 basehttp 1808 21336 "GET /api/check-account-status/ HTTP/1.1" 200 62
INFO 2025-11-12 11:30:30,529 basehttp 1808 21336 "GET /api/check-account-status/ HTTP/1.1" 200 62
INFO 2025-11-12 11:30:33,524 basehttp 1808 21336 "GET /api/check-account-status/ HTTP/1.1" 200 62
INFO 2025-11-12 11:30:36,526 basehttp 1808 21336 "GET /api/check-account-status/ HTTP/1.1" 200 62
INFO 2025-11-12 11:30:39,527 basehttp 1808 21336 "GET /api/check-account-status/ HTTP/1.1" 200 62
INFO 2025-11-12 11:30:42,538 basehttp 1808 21336 "GET /api/check-account-status/ HTTP/1.1" 200 62
INFO 2025-11-12 11:30:44,347 basehttp 1808 700 "GET /static/img/menu2.png HTTP/1.1" 200 3448
INFO 2025-11-12 11:30:44,350 basehttp 1808 12848 "GET /static/fonts/line-awesome.woff2?v=1.1. HTTP/1.1" 200 45108
INFO 2025-11-12 11:30:45,534 basehttp 1808 21336 "GET /api/check-account-status/ HTTP/1.1" 200 62
WARNING 2025-11-12 11:30:47,607 log 1808 700 Not Found: /favicon.ico
WARNING 2025-11-12 11:30:47,608 basehttp 1808 700 "GET /favicon.ico HTTP/1.1" 404 29221
INFO 2025-11-12 11:30:47,629 basehttp 1808 12848 "GET /api/check-account-status/ HTTP/1.1" 200 62
INFO 2025-11-12 11:30:49,314 basehttp 1808 12848 "GET /api/check-account-status/ HTTP/1.1" 200 62
INFO 2025-11-12 11:30:50,997 basehttp 1808 12848 "GET /api/check-account-status/ HTTP/1.1" 200 62
INFO 2025-11-12 11:30:52,660 basehttp 1808 21336 "GET /withdrawal-order/13/ HTTP/1.1" 200 49473
INFO 2025-11-12 11:30:52,684 basehttp 1808 12848 "GET /api/check-account-status/ HTTP/1.1" 200 62
WARNING 2025-11-12 11:30:52,745 basehttp 1808 21336 "GET /static/js/ready.js HTTP/1.1" 404 1792
INFO 2025-11-12 11:30:54,391 basehttp 1808 12848 "GET /api/check-account-status/ HTTP/1.1" 200 62
INFO 2025-11-12 11:30:56,077 basehttp 1808 12848 "GET /api/check-account-status/ HTTP/1.1" 200 62
INFO 2025-11-12 11:30:57,761 basehttp 1808 12848 "GET /api/check-account-status/ HTTP/1.1" 200 62
INFO 2025-11-12 11:30:59,448 basehttp 1808 12848 "GET /api/check-account-status/ HTTP/1.1" 200 62
INFO 2025-11-12 11:31:01,143 basehttp 1808 12848 "GET /api/check-account-status/ HTTP/1.1" 200 62
INFO 2025-11-12 11:31:02,834 basehttp 1808 12848 "GET /api/check-account-status/ HTTP/1.1" 200 62
INFO 2025-11-12 11:31:04,519 basehttp 1808 12848 "GET /api/check-account-status/ HTTP/1.1" 200 62
INFO 2025-11-12 11:31:06,206 basehttp 1808 12848 "GET /api/check-account-status/ HTTP/1.1" 200 62
INFO 2025-11-12 11:31:07,901 basehttp 1808 12848 "GET /api/check-account-status/ HTTP/1.1" 200 62
INFO 2025-11-12 11:31:09,587 basehttp 1808 12848 "GET /api/check-account-status/ HTTP/1.1" 200 62
INFO 2025-11-12 11:31:09,886 basehttp 1808 700 "GET /salesexpenses/ HTTP/1.1" 200 98180
WARNING 2025-11-12 11:31:10,008 basehttp 1808 700 "GET /static/js/ready.js HTTP/1.1" 404 1792
INFO 2025-11-12 11:31:11,274 basehttp 1808 12848 "GET /api/check-account-status/ HTTP/1.1" 200 62
INFO 2025-11-12 11:31:12,963 basehttp 1808 12848 "GET /api/check-account-status/ HTTP/1.1" 200 62
INFO 2025-11-12 11:31:14,669 basehttp 1808 12848 "GET /api/check-account-status/ HTTP/1.1" 200 62
INFO 2025-11-12 11:31:16,361 basehttp 1808 12848 "GET /api/check-account-status/ HTTP/1.1" 200 62
INFO 2025-11-12 11:31:18,046 basehttp 1808 12848 "GET /api/check-account-status/ HTTP/1.1" 200 62
INFO 2025-11-12 11:31:19,734 basehttp 1808 12848 "GET /api/check-account-status/ HTTP/1.1" 200 62
INFO 2025-11-12 11:31:21,016 basehttp 1808 25064 "POST /withdrawal-order/13/update-payment/ HTTP/1.1" 302 0
INFO 2025-11-12 11:31:21,425 basehttp 1808 12848 "GET /api/check-account-status/ HTTP/1.1" 200 62
INFO 2025-11-12 11:31:23,112 basehttp 1808 12848 "GET /api/check-account-status/ HTTP/1.1" 200 62
INFO 2025-11-12 11:31:24,803 basehttp 1808 12848 "GET /api/check-account-status/ HTTP/1.1" 200 62
INFO 2025-11-12 11:31:26,486 basehttp 1808 12848 "GET /api/check-account-status/ HTTP/1.1" 200 62
INFO 2025-11-12 11:31:26,763 basehttp 1808 25064 "GET /salesexpenses/ HTTP/1.1" 200 99463
WARNING 2025-11-12 11:31:26,829 basehttp 1808 25064 "GET /static/js/ready.js HTTP/1.1" 404 1792
INFO 2025-11-12 11:31:28,174 basehttp 1808 12848 "GET /api/check-account-status/ HTTP/1.1" 200 62
INFO 2025-11-12 11:31:29,868 basehttp 1808 12848 "GET /api/check-account-status/ HTTP/1.1" 200 62
INFO 2025-11-12 11:31:31,549 basehttp 1808 12848 "GET /api/check-account-status/ HTTP/1.1" 200 62
INFO 2025-11-12 11:31:33,236 basehttp 1808 12848 "GET /api/check-account-status/ HTTP/1.1" 200 62
INFO 2025-11-12 11:31:34,919 basehttp 1808 12848 "GET /api/check-account-status/ HTTP/1.1" 200 62
INFO 2025-11-12 11:31:36,607 basehttp 1808 12848 "GET /api/check-account-status/ HTTP/1.1" 200 62
INFO 2025-11-12 11:31:36,648 basehttp 1808 8828 "GET /salesexpenses/ HTTP/1.1" 200 98176
INFO 2025-11-12 11:31:36,696 basehttp 1808 8828 "GET /static/css/bootstrap.min.css HTTP/1.1" 200 144883
INFO 2025-11-12 11:31:36,702 basehttp 1808 12428 "GET /static/css/demo.css HTTP/1.1" 200 1671
INFO 2025-11-12 11:31:36,706 basehttp 1808 11640 "GET /static/css/base.css HTTP/1.1" 200 31662
INFO 2025-11-12 11:31:36,707 basehttp 1808 24428 "GET /static/css/ready.css HTTP/1.1" 200 122138
INFO 2025-11-12 11:31:36,710 basehttp 1808 8828 "GET /static/js/core/jquery.3.2.1.min.js HTTP/1.1" 200 86663
INFO 2025-11-12 11:31:36,715 basehttp 1808 16056 "GET /static/img/reals.jpg HTTP/1.1" 200 105434
INFO 2025-11-12 11:31:36,720 basehttp 1808 8828 "GET /static/js/core/popper.min.js HTTP/1.1" 200 18998
INFO 2025-11-12 11:31:36,722 basehttp 1808 16056 "GET /static/js/plugin/jquery-ui-1.12.1.custom/jquery-ui.min.js HTTP/1.1" 200 95109
INFO 2025-11-12 11:31:36,731 basehttp 1808 8828 "GET /static/js/plugin/chartist/chartist.min.js HTTP/1.1" 200 40223
INFO 2025-11-12 11:31:36,732 basehttp 1808 16056 "GET /static/js/core/bootstrap.min.js HTTP/1.1" 200 48950
INFO 2025-11-12 11:31:36,739 basehttp 1808 8828 "GET /static/js/plugin/bootstrap-notify/bootstrap-notify.min.js HTTP/1.1" 200 8976
INFO 2025-11-12 11:31:36,740 basehttp 1808 16056 "GET /static/js/plugin/chartist/plugin/chartist-plugin-tooltip.min.js HTTP/1.1" 200 7371
INFO 2025-11-12 11:31:36,746 basehttp 1808 16056 "GET /static/js/plugin/bootstrap-toggle/bootstrap-toggle.min.js HTTP/1.1" 200 4137
INFO 2025-11-12 11:31:36,770 basehttp 1808 16056 "GET /static/js/plugin/jquery-mapael/maps/world_countries.min.js HTTP/1.1" 200 125623
INFO 2025-11-12 11:31:36,779 basehttp 1808 24428 "GET /static/js/plugin/jquery-scrollbar/jquery.scrollbar.min.js HTTP/1.1" 200 12263
INFO 2025-11-12 11:31:36,787 basehttp 1808 8828 "GET /static/js/plugin/jquery-mapael/jquery.mapael.min.js HTTP/1.1" 200 125093
INFO 2025-11-12 11:31:36,806 basehttp 1808 16056 "GET /static/js/plugin/chart-circle/circles.min.js HTTP/1.1" 200 5356
INFO 2025-11-12 11:31:36,808 basehttp 1808 24428 "GET /static/fonts/line-awesome.woff2?v=1.1. HTTP/1.1" 200 45108
INFO 2025-11-12 11:31:36,829 basehttp 1808 8828 "GET /static/img/menu2.png HTTP/1.1" 200 3448
WARNING 2025-11-12 11:31:36,846 basehttp 1808 11640 "GET /static/js/ready.js HTTP/1.1" 404 1792
INFO 2025-11-12 11:31:38,312 basehttp 1808 12848 "GET /api/check-account-status/ HTTP/1.1" 200 62
INFO 2025-11-12 11:31:38,626 basehttp 1808 8828 "GET /api/check-account-status/ HTTP/1.1" 200 62
WARNING 2025-11-12 11:31:39,960 log 1808 24428 Not Found: /favicon.ico
WARNING 2025-11-12 11:31:39,960 basehttp 1808 24428 "GET /favicon.ico HTTP/1.1" 404 29221
INFO 2025-11-12 11:31:40,001 basehttp 1808 12848 "GET /api/check-account-status/ HTTP/1.1" 200 62
INFO 2025-11-12 11:31:40,320 basehttp 1808 8828 "GET /api/check-account-status/ HTTP/1.1" 200 62
INFO 2025-11-12 11:31:41,689 basehttp 1808 12848 "GET /api/check-account-status/ HTTP/1.1" 200 62
INFO 2025-11-12 11:31:42,022 basehttp 1808 8828 "GET /api/check-account-status/ HTTP/1.1" 200 62
INFO 2025-11-12 11:31:43,717 basehttp 1808 8828 "GET /api/check-account-status/ HTTP/1.1" 200 62
INFO 2025-11-12 11:31:45,419 basehttp 1808 8828 "GET /api/check-account-status/ HTTP/1.1" 200 62
INFO 2025-11-12 11:31:47,112 basehttp 1808 8828 "GET /api/check-account-status/ HTTP/1.1" 200 62
INFO 2025-11-12 11:31:48,552 basehttp 1808 12848 "GET /withdraw-item/ HTTP/1.1" 200 121854
WARNING 2025-11-12 11:31:48,617 basehttp 1808 12848 "GET /static/js/ready.js HTTP/1.1" 404 1792
INFO 2025-11-12 11:31:48,808 basehttp 1808 8828 "GET /api/check-account-status/ HTTP/1.1" 200 62
INFO 2025-11-12 11:31:50,502 basehttp 1808 8828 "GET /api/check-account-status/ HTTP/1.1" 200 62
INFO 2025-11-12 11:31:52,204 basehttp 1808 8828 "GET /api/check-account-status/ HTTP/1.1" 200 62
INFO 2025-11-12 11:31:53,904 basehttp 1808 8828 "GET /api/check-account-status/ HTTP/1.1" 200 62
INFO 2025-11-12 11:31:55,610 basehttp 1808 8828 "GET /api/check-account-status/ HTTP/1.1" 200 62
INFO 2025-11-12 11:31:57,312 basehttp 1808 8828 "GET /api/check-account-status/ HTTP/1.1" 200 62
INFO 2025-11-12 11:31:59,008 basehttp 1808 8828 "GET /api/check-account-status/ HTTP/1.1" 200 62
INFO 2025-11-12 11:32:00,711 basehttp 1808 8828 "GET /api/check-account-status/ HTTP/1.1" 200 62
INFO 2025-11-12 11:32:02,404 basehttp 1808 8828 "GET /api/check-account-status/ HTTP/1.1" 200 62
INFO 2025-11-12 11:32:04,106 basehttp 1808 8828 "GET /api/check-account-status/ HTTP/1.1" 200 62
INFO 2025-11-12 11:32:05,800 basehttp 1808 8828 "GET /api/check-account-status/ HTTP/1.1" 200 62
INFO 2025-11-12 11:32:07,500 basehttp 1808 8828 "GET /api/check-account-status/ HTTP/1.1" 200 62
INFO 2025-11-12 11:32:09,200 basehttp 1808 8828 "GET /api/check-account-status/ HTTP/1.1" 200 62
INFO 2025-11-12 11:32:10,904 basehttp 1808 8828 "GET /api/check-account-status/ HTTP/1.1" 200 62
INFO 2025-11-12 11:32:12,608 basehttp 1808 8828 "GET /api/check-account-status/ HTTP/1.1" 200 62
INFO 2025-11-12 11:32:14,320 basehttp 1808 8828 "GET /api/check-account-status/ HTTP/1.1" 200 62
INFO 2025-11-12 11:32:16,021 basehttp 1808 8828 "GET /api/check-account-status/ HTTP/1.1" 200 62
INFO 2025-11-12 11:32:17,719 basehttp 1808 8828 "GET /api/check-account-status/ HTTP/1.1" 200 62
INFO 2025-11-12 11:32:19,436 basehttp 1808 8828 "GET /api/check-account-status/ HTTP/1.1" 200 62
INFO 2025-11-12 11:32:21,193 basehttp 1808 8828 "GET /api/check-account-status/ HTTP/1.1" 200 62
INFO 2025-11-12 11:32:22,895 basehttp 1808 8828 "GET /api/check-account-status/ HTTP/1.1" 200 62
INFO 2025-11-12 11:32:24,604 basehttp 1808 8828 "GET /api/check-account-status/ HTTP/1.1" 200 62
INFO 2025-11-12 11:32:26,312 basehttp 1808 8828 "GET /api/check-account-status/ HTTP/1.1" 200 62
INFO 2025-11-12 11:32:28,019 basehttp 1808 8828 "GET /api/check-account-status/ HTTP/1.1" 200 62
INFO 2025-11-12 11:32:29,498 basehttp 1808 24428 "GET /api/check-account-status/ HTTP/1.1" 200 62
INFO 2025-11-12 11:32:29,716 basehttp 1808 8828 "GET /api/check-account-status/ HTTP/1.1" 200 62
INFO 2025-11-12 11:32:31,426 basehttp 1808 8828 "GET /api/check-account-status/ HTTP/1.1" 200 62
INFO 2025-11-12 11:32:32,493 basehttp 1808 24428 "GET /api/check-account-status/ HTTP/1.1" 200 62
INFO 2025-11-12 11:32:33,136 basehttp 1808 8828 "GET /api/check-account-status/ HTTP/1.1" 200 62
INFO 2025-11-12 11:32:34,503 basehttp 1808 24428 "GET /api/check-account-status/ HTTP/1.1" 200 62
INFO 2025-11-12 11:32:34,835 basehttp 1808 8828 "GET /api/check-account-status/ HTTP/1.1" 200 62
INFO 2025-11-12 11:32:36,529 basehttp 1808 8828 "GET /api/check-account-status/ HTTP/1.1" 200 62
INFO 2025-11-12 11:32:37,493 basehttp 1808 24428 "GET /api/check-account-status/ HTTP/1.1" 200 62
INFO 2025-11-12 11:32:38,229 basehttp 1808 8828 "GET /api/check-account-status/ HTTP/1.1" 200 62
INFO 2025-11-12 11:32:39,929 basehttp 1808 8828 "GET /api/check-account-status/ HTTP/1.1" 200 62
INFO 2025-11-12 11:32:40,498 basehttp 1808 24428 "GET /api/check-account-status/ HTTP/1.1" 200 62
INFO 2025-11-12 11:32:41,628 basehttp 1808 8828 "GET /api/check-account-status/ HTTP/1.1" 200 62
INFO 2025-11-12 11:32:43,152 basehttp 1808 16056 "GET /api/check-account-status/ HTTP/1.1" 200 62
INFO 2025-11-12 11:32:43,324 basehttp 1808 8828 "GET /api/check-account-status/ HTTP/1.1" 200 62
INFO 2025-11-12 11:32:44,502 basehttp 1808 24428 "GET /api/check-account-status/ HTTP/1.1" 200 62
INFO 2025-11-12 11:32:45,019 basehttp 1808 8828 "GET /api/check-account-status/ HTTP/1.1" 200 62
INFO 2025-11-12 11:32:46,496 basehttp 1808 24428 "GET /api/check-account-status/ HTTP/1.1" 200 62
INFO 2025-11-12 11:32:46,717 basehttp 1808 8828 "GET /api/check-account-status/ HTTP/1.1" 200 62
INFO 2025-11-12 11:32:48,412 basehttp 1808 8828 "GET /api/check-account-status/ HTTP/1.1" 200 62
INFO 2025-11-12 11:32:49,507 basehttp 1808 24428 "GET /api/check-account-status/ HTTP/1.1" 200 62
INFO 2025-11-12 11:32:50,133 basehttp 1808 8828 "GET /api/check-account-status/ HTTP/1.1" 200 62
INFO 2025-11-12 11:32:51,830 basehttp 1808 8828 "GET /api/check-account-status/ HTTP/1.1" 200 62
INFO 2025-11-12 11:32:52,486 basehttp 1808 24428 "GET /api/check-account-status/ HTTP/1.1" 200 62
INFO 2025-11-12 11:32:53,512 basehttp 1808 16056 "GET /api/check-account-status/ HTTP/1.1" 200 62
INFO 2025-11-12 11:32:53,520 basehttp 1808 8828 "GET /api/check-account-status/ HTTP/1.1" 200 62
INFO 2025-11-12 11:32:55,215 basehttp 1808 8828 "GET /api/check-account-status/ HTTP/1.1" 200 62
INFO 2025-11-12 11:32:56,533 basehttp 1808 16056 "GET /api/check-account-status/ HTTP/1.1" 200 62
INFO 2025-11-12 11:32:56,917 basehttp 1808 8828 "GET /api/check-account-status/ HTTP/1.1" 200 62
INFO 2025-11-12 11:32:58,573 basehttp 1808 16056 "GET /api/check-account-status/ HTTP/1.1" 200 62
INFO 2025-11-12 11:32:58,614 basehttp 1808 8828 "GET /api/check-account-status/ HTTP/1.1" 200 62
INFO 2025-11-12 11:33:00,316 basehttp 1808 8828 "GET /api/check-account-status/ HTTP/1.1" 200 62
INFO 2025-11-12 11:33:01,501 basehttp 1808 24428 "GET /api/check-account-status/ HTTP/1.1" 200 62
INFO 2025-11-12 11:33:02,011 basehttp 1808 8828 "GET /api/check-account-status/ HTTP/1.1" 200 62
INFO 2025-11-12 11:33:02,678 basehttp 1808 16056 "POST /withdraw-item/ HTTP/1.1" 302 0
INFO 2025-11-12 11:33:03,719 basehttp 1808 8828 "GET /api/check-account-status/ HTTP/1.1" 200 62
INFO 2025-11-12 11:33:04,519 basehttp 1808 24428 "GET /api/check-account-status/ HTTP/1.1" 200 62
INFO 2025-11-12 11:33:05,413 basehttp 1808 8828 "GET /api/check-account-status/ HTTP/1.1" 200 62
INFO 2025-11-12 11:33:07,109 basehttp 1808 8828 "GET /api/check-account-status/ HTTP/1.1" 200 62
INFO 2025-11-12 11:33:08,815 basehttp 1808 8828 "GET /api/check-account-status/ HTTP/1.1" 200 62
INFO 2025-11-12 11:33:10,510 basehttp 1808 8828 "GET /api/check-account-status/ HTTP/1.1" 200 62
INFO 2025-11-12 11:33:12,200 basehttp 1808 8828 "GET /api/check-account-status/ HTTP/1.1" 200 62
INFO 2025-11-12 11:33:13,650 basehttp 1808 24428 "GET /api/check-account-status/ HTTP/1.1" 200 62
INFO 2025-11-12 11:33:13,890 basehttp 1808 8828 "GET /api/check-account-status/ HTTP/1.1" 200 62
INFO 2025-11-12 11:33:15,586 basehttp 1808 8828 "GET /api/check-account-status/ HTTP/1.1" 200 62
INFO 2025-11-12 11:33:17,283 basehttp 1808 8828 "GET /api/check-account-status/ HTTP/1.1" 200 62
INFO 2025-11-12 11:33:18,975 basehttp 1808 8828 "GET /api/check-account-status/ HTTP/1.1" 200 62
INFO 2025-11-12 11:33:20,125 basehttp 1808 16056 "GET /withdrawals/ HTTP/1.1" 200 140718
WARNING 2025-11-12 11:33:20,204 basehttp 1808 16056 "GET /static/js/ready.js HTTP/1.1" 404 1792
INFO 2025-11-12 11:33:20,669 basehttp 1808 8828 "GET /api/check-account-status/ HTTP/1.1" 200 62
INFO 2025-11-12 11:33:22,364 basehttp 1808 8828 "GET /api/check-account-status/ HTTP/1.1" 200 62
INFO 2025-11-12 11:33:24,057 basehttp 1808 8828 "GET /api/check-account-status/ HTTP/1.1" 200 62
INFO 2025-11-12 11:33:25,752 basehttp 1808 8828 "GET /api/check-account-status/ HTTP/1.1" 200 62
INFO 2025-11-12 11:33:27,207 basehttp 1808 1124 "GET /api/check-account-status/ HTTP/1.1" 200 62
INFO 2025-11-12 11:33:27,445 basehttp 1808 8828 "GET /api/check-account-status/ HTTP/1.1" 200 62
INFO 2025-11-12 11:33:29,054 basehttp 1808 2968 "GET /salesexpenses/ HTTP/1.1" 200 98189
INFO 2025-11-12 11:33:29,102 basehttp 1808 1124 "GET /static/css/ready.css HTTP/1.1" 200 122138
INFO 2025-11-12 11:33:29,105 basehttp 1808 2968 "GET /static/css/bootstrap.min.css HTTP/1.1" 200 144883
INFO 2025-11-12 11:33:29,112 basehttp 1808 1124 "GET /static/js/core/jquery.3.2.1.min.js HTTP/1.1" 200 86663
INFO 2025-11-12 11:33:29,113 basehttp 1808 6312 "GET /static/css/demo.css HTTP/1.1" 200 1671
INFO 2025-11-12 11:33:29,121 basehttp 1808 11212 "GET /static/css/base.css HTTP/1.1" 200 31662
INFO 2025-11-12 11:33:29,123 basehttp 1808 6312 "GET /static/js/plugin/jquery-ui-1.12.1.custom/jquery-ui.min.js HTTP/1.1" 200 95109
INFO 2025-11-12 11:33:29,125 basehttp 1808 11668 "GET /static/img/reals.jpg HTTP/1.1" 200 105434
INFO 2025-11-12 11:33:29,133 basehttp 1808 11668 "GET /static/js/core/popper.min.js HTTP/1.1" 200 18998
INFO 2025-11-12 11:33:29,134 basehttp 1808 6312 "GET /static/js/core/bootstrap.min.js HTTP/1.1" 200 48950
INFO 2025-11-12 11:33:29,138 basehttp 1808 8828 "GET /api/check-account-status/ HTTP/1.1" 200 62
INFO 2025-11-12 11:33:29,147 basehttp 1808 11668 "GET /static/js/plugin/chartist/plugin/chartist-plugin-tooltip.min.js HTTP/1.1" 200 7371
INFO 2025-11-12 11:33:29,155 basehttp 1808 6312 "GET /static/js/plugin/chartist/chartist.min.js HTTP/1.1" 200 40223
INFO 2025-11-12 11:33:29,166 basehttp 1808 11668 "GET /static/js/plugin/bootstrap-notify/bootstrap-notify.min.js HTTP/1.1" 200 8976
INFO 2025-11-12 11:33:29,173 basehttp 1808 6312 "GET /static/js/plugin/bootstrap-toggle/bootstrap-toggle.min.js HTTP/1.1" 200 4137
INFO 2025-11-12 11:33:29,184 basehttp 1808 11668 "GET /static/js/plugin/jquery-mapael/maps/world_countries.min.js HTTP/1.1" 200 125623
INFO 2025-11-12 11:33:29,187 basehttp 1808 6312 "GET /static/js/plugin/jquery-mapael/jquery.mapael.min.js HTTP/1.1" 200 125093
INFO 2025-11-12 11:33:29,194 basehttp 1808 11668 "GET /static/js/plugin/chart-circle/circles.min.js HTTP/1.1" 200 5356
INFO 2025-11-12 11:33:29,198 basehttp 1808 6312 "GET /static/js/plugin/jquery-scrollbar/jquery.scrollbar.min.js HTTP/1.1" 200 12263
WARNING 2025-11-12 11:33:29,207 basehttp 1808 6312 "GET /static/js/ready.js HTTP/1.1" 404 1792
INFO 2025-11-12 11:33:29,466 basehttp 1808 11668 "GET /static/img/menu2.png HTTP/1.1" 200 3448
INFO 2025-11-12 11:33:29,471 basehttp 1808 11668 "GET /static/fonts/line-awesome.woff2?v=1.1. HTTP/1.1" 200 45108
INFO 2025-11-12 11:33:30,834 basehttp 1808 8828 "GET /api/check-account-status/ HTTP/1.1" 200 62
WARNING 2025-11-12 11:33:32,533 log 1808 11212 Not Found: /favicon.ico
INFO 2025-11-12 11:33:32,534 basehttp 1808 8828 "GET /api/check-account-status/ HTTP/1.1" 200 62
WARNING 2025-11-12 11:33:32,535 basehttp 1808 11212 "GET /favicon.ico HTTP/1.1" 404 29221
INFO 2025-11-12 11:33:32,936 basehttp 1808 11668 "GET /api/check-account-status/ HTTP/1.1" 200 62
INFO 2025-11-12 11:33:34,237 basehttp 1808 8828 "GET /api/check-account-status/ HTTP/1.1" 200 62
INFO 2025-11-12 11:33:34,749 basehttp 1808 11668 "GET /api/check-account-status/ HTTP/1.1" 200 62
INFO 2025-11-12 11:33:35,931 basehttp 1808 8828 "GET /api/check-account-status/ HTTP/1.1" 200 62
INFO 2025-11-12 11:33:36,555 basehttp 1808 11668 "GET /api/check-account-status/ HTTP/1.1" 200 62
INFO 2025-11-12 11:33:37,625 basehttp 1808 8828 "GET /api/check-account-status/ HTTP/1.1" 200 62
INFO 2025-11-12 11:33:38,060 basehttp 1808 1124 "GET /withdrawal-order/14/ HTTP/1.1" 200 49782
WARNING 2025-11-12 11:33:38,157 basehttp 1808 1124 "GET /static/js/ready.js HTTP/1.1" 404 1792
INFO 2025-11-12 11:33:38,361 basehttp 1808 11668 "GET /api/check-account-status/ HTTP/1.1" 200 62
INFO 2025-11-12 11:33:39,330 basehttp 1808 8828 "GET /api/check-account-status/ HTTP/1.1" 200 62
INFO 2025-11-12 11:33:40,170 basehttp 1808 11668 "GET /api/check-account-status/ HTTP/1.1" 200 62
INFO 2025-11-12 11:33:41,970 basehttp 1808 11668 "GET /api/check-account-status/ HTTP/1.1" 200 62
INFO 2025-11-12 11:33:43,777 basehttp 1808 11668 "GET /api/check-account-status/ HTTP/1.1" 200 62
INFO 2025-11-12 11:33:45,586 basehttp 1808 11668 "GET /api/check-account-status/ HTTP/1.1" 200 62
INFO 2025-11-12 11:33:47,386 basehttp 1808 11668 "GET /api/check-account-status/ HTTP/1.1" 200 62
INFO 2025-11-12 11:33:48,111 basehttp 1808 8828 "POST /withdrawal-order/14/update-payment/ HTTP/1.1" 302 0
INFO 2025-11-12 11:33:49,190 basehttp 1808 11668 "GET /api/check-account-status/ HTTP/1.1" 200 62
INFO 2025-11-12 11:33:51,003 basehttp 1808 11668 "GET /api/check-account-status/ HTTP/1.1" 200 62
INFO 2025-11-12 11:33:52,807 basehttp 1808 11668 "GET /api/check-account-status/ HTTP/1.1" 200 62
INFO 2025-11-12 11:33:53,759 basehttp 1808 8828 "GET /salesexpenses/ HTTP/1.1" 200 99487
WARNING 2025-11-12 11:33:53,827 basehttp 1808 8828 "GET /static/js/ready.js HTTP/1.1" 404 1792
INFO 2025-11-12 11:33:54,610 basehttp 1808 11668 "GET /api/check-account-status/ HTTP/1.1" 200 62
INFO 2025-11-12 11:33:56,414 basehttp 1808 11668 "GET /api/check-account-status/ HTTP/1.1" 200 62
INFO 2025-11-12 11:33:58,230 basehttp 1808 11668 "GET /api/check-account-status/ HTTP/1.1" 200 62
INFO 2025-11-12 11:34:00,030 basehttp 1808 11668 "GET /api/check-account-status/ HTTP/1.1" 200 62
INFO 2025-11-12 11:34:01,834 basehttp 1808 11668 "GET /api/check-account-status/ HTTP/1.1" 200 62
INFO 2025-11-12 11:34:03,646 basehttp 1808 11668 "GET /api/check-account-status/ HTTP/1.1" 200 62
INFO 2025-11-12 11:34:05,456 basehttp 1808 11668 "GET /api/check-account-status/ HTTP/1.1" 200 62
INFO 2025-11-12 11:34:07,267 basehttp 1808 11668 "GET /api/check-account-status/ HTTP/1.1" 200 62
INFO 2025-11-12 11:34:09,095 basehttp 1808 11668 "GET /api/check-account-status/ HTTP/1.1" 200 62
INFO 2025-11-12 11:34:10,904 basehttp 1808 11668 "GET /api/check-account-status/ HTTP/1.1" 200 62
INFO 2025-11-12 11:34:12,703 basehttp 1808 11668 "GET /api/check-account-status/ HTTP/1.1" 200 62
INFO 2025-11-12 11:34:14,508 basehttp 1808 11668 "GET /api/check-account-status/ HTTP/1.1" 200 62
INFO 2025-11-12 11:34:16,308 basehttp 1808 11668 "GET /api/check-account-status/ HTTP/1.1" 200 62
INFO 2025-11-12 11:34:18,104 basehttp 1808 11668 "GET /api/check-account-status/ HTTP/1.1" 200 62
INFO 2025-11-12 11:34:19,900 basehttp 1808 11668 "GET /api/check-account-status/ HTTP/1.1" 200 62
INFO 2025-11-12 11:34:21,694 basehttp 1808 11668 "GET /api/check-account-status/ HTTP/1.1" 200 62
INFO 2025-11-12 11:34:23,499 basehttp 1808 11668 "GET /api/check-account-status/ HTTP/1.1" 200 62
INFO 2025-11-12 11:34:25,300 basehttp 1808 11668 "GET /api/check-account-status/ HTTP/1.1" 200 62
INFO 2025-11-12 11:34:27,106 basehttp 1808 11668 "GET /api/check-account-status/ HTTP/1.1" 200 62
INFO 2025-11-12 11:34:28,905 basehttp 1808 11668 "GET /api/check-account-status/ HTTP/1.1" 200 62
INFO 2025-11-12 11:34:32,665 basehttp 19260 5308 "GET /api/check-account-status/ HTTP/1.1" 200 62
INFO 2025-11-12 11:34:34,374 basehttp 19260 5308 "GET /api/check-account-status/ HTTP/1.1" 200 62
INFO 2025-11-12 11:34:36,085 basehttp 19260 5308 "GET /api/check-account-status/ HTTP/1.1" 200 62
INFO 2025-11-12 11:34:37,793 basehttp 19260 5308 "GET /api/check-account-status/ HTTP/1.1" 200 62
INFO 2025-11-12 11:34:39,504 basehttp 19260 5308 "GET /api/check-account-status/ HTTP/1.1" 200 62
INFO 2025-11-12 11:34:41,214 basehttp 19260 5308 "GET /api/check-account-status/ HTTP/1.1" 200 62
INFO 2025-11-12 11:34:42,933 basehttp 19260 5308 "GET /api/check-account-status/ HTTP/1.1" 200 62
INFO 2025-11-12 11:34:44,650 basehttp 19260 5308 "GET /api/check-account-status/ HTTP/1.1" 200 62
INFO 2025-11-12 11:34:46,358 basehttp 19260 5308 "GET /api/check-account-status/ HTTP/1.1" 200 62
INFO 2025-11-12 11:34:48,071 basehttp 19260 5308 "GET /api/check-account-status/ HTTP/1.1" 200 62
INFO 2025-11-12 11:34:49,782 basehttp 19260 5308 "GET /api/check-account-status/ HTTP/1.1" 200 62
INFO 2025-11-12 11:34:51,489 basehttp 19260 5308 "GET /api/check-account-status/ HTTP/1.1" 200 62
INFO 2025-11-12 11:34:53,200 basehttp 19260 5308 "GET /api/check-account-status/ HTTP/1.1" 200 62
INFO 2025-11-12 11:34:54,912 basehttp 19260 5308 "GET /api/check-account-status/ HTTP/1.1" 200 62
INFO 2025-11-12 11:34:56,630 basehttp 19260 5308 "GET /api/check-account-status/ HTTP/1.1" 200 62
INFO 2025-11-12 11:34:58,342 basehttp 19260 5308 "GET /api/check-account-status/ HTTP/1.1" 200 62
INFO 2025-11-12 11:34:59,012 basehttp 19260 14664 "GET /api/check-account-status/ HTTP/1.1" 200 62
INFO 2025-11-12 11:35:00,051 basehttp 19260 5308 "GET /api/check-account-status/ HTTP/1.1" 200 62
INFO 2025-11-12 11:35:01,522 basehttp 19260 14664 "GET /api/check-account-status/ HTTP/1.1" 200 62
INFO 2025-11-12 11:35:01,762 basehttp 19260 5308 "GET /api/check-account-status/ HTTP/1.1" 200 62
INFO 2025-11-12 11:35:03,472 basehttp 19260 5308 "GET /api/check-account-status/ HTTP/1.1" 200 62
INFO 2025-11-12 11:35:05,183 basehttp 19260 5308 "GET /api/check-account-status/ HTTP/1.1" 200 62
INFO 2025-11-12 11:35:06,897 basehttp 19260 5308 "GET /api/check-account-status/ HTTP/1.1" 200 62
INFO 2025-11-12 11:35:08,610 basehttp 19260 5308 "GET /api/check-account-status/ HTTP/1.1" 200 62
INFO 2025-11-12 11:35:10,320 basehttp 19260 5308 "GET /api/check-account-status/ HTTP/1.1" 200 62
INFO 2025-11-12 11:35:12,029 basehttp 19260 5308 "GET /api/check-account-status/ HTTP/1.1" 200 62
INFO 2025-11-12 11:35:13,519 basehttp 19260 14664 "GET /api/check-account-status/ HTTP/1.1" 200 62
INFO 2025-11-12 11:35:13,738 basehttp 19260 5308 "GET /api/check-account-status/ HTTP/1.1" 200 62
INFO 2025-11-12 11:35:15,443 basehttp 19260 5308 "GET /api/check-account-status/ HTTP/1.1" 200 62
INFO 2025-11-12 11:35:17,155 basehttp 19260 5308 "GET /api/check-account-status/ HTTP/1.1" 200 62
INFO 2025-11-12 11:35:18,862 basehttp 19260 5308 "GET /api/check-account-status/ HTTP/1.1" 200 62
INFO 2025-11-12 11:35:20,575 basehttp 19260 5308 "GET /api/check-account-status/ HTTP/1.1" 200 62
INFO 2025-11-12 11:35:22,287 basehttp 19260 5308 "GET /api/check-account-status/ HTTP/1.1" 200 62
INFO 2025-11-12 11:35:24,000 basehttp 19260 5308 "GET /api/check-account-status/ HTTP/1.1" 200 62
INFO 2025-11-12 11:35:25,526 basehttp 19260 14664 "GET /api/check-account-status/ HTTP/1.1" 200 62
INFO 2025-11-12 11:35:25,710 basehttp 19260 5308 "GET /api/check-account-status/ HTTP/1.1" 200 62
INFO 2025-11-12 11:35:27,420 basehttp 19260 5308 "GET /api/check-account-status/ HTTP/1.1" 200 62
INFO 2025-11-12 11:35:29,133 basehttp 19260 5308 "GET /api/check-account-status/ HTTP/1.1" 200 62
INFO 2025-11-12 11:35:37,508 basehttp 19260 5308 "GET /api/check-account-status/ HTTP/1.1" 200 62
INFO 2025-11-12 11:35:39,219 basehttp 19260 5308 "GET /api/check-account-status/ HTTP/1.1" 200 62
INFO 2025-11-12 11:35:40,931 basehttp 19260 5308 "GET /api/check-account-status/ HTTP/1.1" 200 62
INFO 2025-11-12 11:35:47,936 basehttp 19260 5308 "GET /api/check-account-status/ HTTP/1.1" 200 62
INFO 2025-11-12 11:35:49,656 basehttp 19260 5308 "GET /api/check-account-status/ HTTP/1.1" 200 62
INFO 2025-11-12 11:35:52,512 basehttp 19260 5308 "GET /api/check-account-status/ HTTP/1.1" 200 62
INFO 2025-11-12 11:35:55,510 basehttp 19260 5308 "GET /api/check-account-status/ HTTP/1.1" 200 62
INFO 2025-11-12 11:35:58,516 basehttp 19260 5308 "GET /api/check-account-status/ HTTP/1.1" 200 62
INFO 2025-11-12 11:36:01,577 basehttp 19260 5308 "GET /api/check-account-status/ HTTP/1.1" 200 62
INFO 2025-11-12 11:36:06,056 basehttp 19260 1304 "GET /api/check-account-status/ HTTP/1.1" 200 62
INFO 2025-11-12 11:36:07,756 basehttp 19260 1304 "GET /api/check-account-status/ HTTP/1.1" 200 62
INFO 2025-11-12 11:36:10,490 basehttp 19260 1304 "GET /api/check-account-status/ HTTP/1.1" 200 62
INFO 2025-11-12 11:36:15,178 basehttp 19260 11168 "GET /api/check-account-status/ HTTP/1.1" 200 62
INFO 2025-11-12 11:36:16,983 basehttp 19260 11168 "GET /api/check-account-status/ HTTP/1.1" 200 62
INFO 2025-11-12 11:36:19,593 basehttp 19260 11168 "GET /api/check-account-status/ HTTP/1.1" 200 62
INFO 2025-11-12 11:36:22,585 basehttp 19260 11168 "GET /api/check-account-status/ HTTP/1.1" 200 62
INFO 2025-11-12 11:36:25,595 basehttp 19260 11168 "GET /api/check-account-status/ HTTP/1.1" 200 62
INFO 2025-11-12 11:36:28,593 basehttp 19260 11168 "GET /api/check-account-status/ HTTP/1.1" 200 62
INFO 2025-11-12 11:36:31,631 basehttp 19260 11168 "GET /api/check-account-status/ HTTP/1.1" 200 62
INFO 2025-11-12 11:36:36,087 basehttp 19260 16448 "GET /api/check-account-status/ HTTP/1.1" 200 62
INFO 2025-11-12 11:36:37,812 basehttp 19260 16448 "GET /api/check-account-status/ HTTP/1.1" 200 62
INFO 2025-11-12 11:36:39,554 basehttp 19260 16448 "GET /api/check-account-status/ HTTP/1.1" 200 62
INFO 2025-11-12 11:36:41,310 basehttp 19260 16448 "GET /api/check-account-status/ HTTP/1.1" 200 62
INFO 2025-11-12 11:36:43,512 basehttp 19260 16448 "GET /api/check-account-status/ HTTP/1.1" 200 62
INFO 2025-11-12 11:36:46,521 basehttp 19260 16448 "GET /api/check-account-status/ HTTP/1.1" 200 62
INFO 2025-11-12 11:36:49,516 basehttp 19260 16448 "GET /api/check-account-status/ HTTP/1.1" 200 62
INFO 2025-11-12 11:37:38,940 basehttp 19260 22928 "GET /api/check-account-status/ HTTP/1.1" 200 62
INFO 2025-11-12 11:37:40,623 basehttp 19260 22928 "GET /api/check-account-status/ HTTP/1.1" 200 62
INFO 2025-11-12 11:38:14,808 autoreload 19260 19324 C:\Users\ASUS\OneDrive\Desktop\capstone\Inventory-and-Sales-Management-System-for-Reals-Food-Products\projectsite\realsproj\models.py changed, reloading.
INFO 2025-11-12 11:38:16,667 autoreload 22028 9228 Watching for file changes with StatReloader
INFO 2025-11-12 11:38:29,210 autoreload 22028 9228 C:\Users\ASUS\OneDrive\Desktop\capstone\Inventory-and-Sales-Management-System-for-Reals-Food-Products\projectsite\realsproj\views.py changed, reloading.
INFO 2025-11-12 11:38:31,422 autoreload 22576 17804 Watching for file changes with StatReloader
INFO 2025-11-12 11:38:46,280 autoreload 22576 17804 C:\Users\ASUS\OneDrive\Desktop\capstone\Inventory-and-Sales-Management-System-for-Reals-Food-Products\projectsite\realsproj\views.py changed, reloading.
INFO 2025-11-12 11:38:47,312 autoreload 1428 18640 Watching for file changes with StatReloader
INFO 2025-11-12 11:39:20,412 autoreload 1428 18640 C:\Users\ASUS\OneDrive\Desktop\capstone\Inventory-and-Sales-Management-System-for-Reals-Food-Products\projectsite\realsproj\models.py changed, reloading.
INFO 2025-11-12 11:39:21,275 autoreload 7028 4160 Watching for file changes with StatReloader
INFO 2025-11-12 11:39:37,713 autoreload 7028 4160 C:\Users\ASUS\OneDrive\Desktop\capstone\Inventory-and-Sales-Management-System-for-Reals-Food-Products\projectsite\realsproj\migrations\0015_update_withdrawal_reason_constraint.py changed, reloading.
INFO 2025-11-12 11:39:39,999 autoreload 17052 11288 Watching for file changes with StatReloader
INFO 2025-11-12 11:40:30,233 autoreload 17052 11288 C:\Users\ASUS\OneDrive\Desktop\capstone\Inventory-and-Sales-Management-System-for-Reals-Food-Products\projectsite\realsproj\migrations\0015_update_withdrawal_reason_constraint.py changed, reloading.
INFO 2025-11-12 11:40:31,677 autoreload 16052 15840 Watching for file changes with StatReloader
INFO 2025-11-12 11:42:17,912 basehttp 16052 9312 "GET /api/check-account-status/ HTTP/1.1" 200 62
INFO 2025-11-12 11:42:19,654 basehttp 16052 9312 "GET /api/check-account-status/ HTTP/1.1" 200 62
INFO 2025-11-12 11:42:22,008 basehttp 16052 9312 "GET /api/check-account-status/ HTTP/1.1" 200 62
INFO 2025-11-12 11:42:25,019 basehttp 16052 9312 "GET /api/check-account-status/ HTTP/1.1" 200 62
INFO 2025-11-12 11:42:28,010 basehttp 16052 9312 "GET /api/check-account-status/ HTTP/1.1" 200 62
INFO 2025-11-12 11:42:31,008 basehttp 16052 9312 "GET /api/check-account-status/ HTTP/1.1" 200 62
INFO 2025-11-12 11:42:34,005 basehttp 16052 9312 "GET /api/check-account-status/ HTTP/1.1" 200 62
INFO 2025-11-12 11:42:37,015 basehttp 16052 9312 "GET /api/check-account-status/ HTTP/1.1" 200 62
INFO 2025-11-12 11:42:38,833 basehttp 16052 25568 "GET /withdrawals/ HTTP/1.1" 200 139457
WARNING 2025-11-12 11:42:39,090 basehttp 16052 25568 "GET /static/js/ready.js HTTP/1.1" 404 1792
INFO 2025-11-12 11:42:41,508 basehttp 16052 8420 - Broken pipe from ('127.0.0.1', 51026)
INFO 2025-11-12 11:42:42,287 basehttp 16052 17652 "GET /api/check-account-status/ HTTP/1.1" 200 62
INFO 2025-11-12 11:42:44,002 basehttp 16052 17652 "GET /api/check-account-status/ HTTP/1.1" 200 62
INFO 2025-11-12 11:42:46,819 basehttp 16052 17652 "GET /api/check-account-status/ HTTP/1.1" 200 62
INFO 2025-11-12 11:42:51,367 basehttp 16052 6768 "GET /api/check-account-status/ HTTP/1.1" 200 62
INFO 2025-11-12 11:42:53,093 basehttp 16052 6768 "GET /api/check-account-status/ HTTP/1.1" 200 62
INFO 2025-11-12 11:42:55,858 basehttp 16052 6768 "GET /api/check-account-status/ HTTP/1.1" 200 62
INFO 2025-11-12 11:42:58,842 basehttp 16052 6768 "GET /api/check-account-status/ HTTP/1.1" 200 62
INFO 2025-11-12 11:43:01,835 basehttp 16052 6768 "GET /api/check-account-status/ HTTP/1.1" 200 62
INFO 2025-11-12 11:43:04,839 basehttp 16052 6768 "GET /api/check-account-status/ HTTP/1.1" 200 62
INFO 2025-11-12 11:43:07,858 basehttp 16052 6768 "GET /api/check-account-status/ HTTP/1.1" 200 62
INFO 2025-11-12 11:43:10,849 basehttp 16052 6768 "GET /api/check-account-status/ HTTP/1.1" 200 62
INFO 2025-11-12 11:43:13,830 basehttp 16052 6768 "GET /api/check-account-status/ HTTP/1.1" 200 62
INFO 2025-11-12 11:43:16,831 basehttp 16052 6768 "GET /api/check-account-status/ HTTP/1.1" 200 62
INFO 2025-11-12 11:43:21,329 basehttp 16052 22708 "GET /api/check-account-status/ HTTP/1.1" 200 62
INFO 2025-11-12 11:43:23,001 basehttp 16052 22708 "GET /api/check-account-status/ HTTP/1.1" 200 62
INFO 2025-11-12 11:43:24,420 basehttp 16052 13756 "GET /withdraw-item/ HTTP/1.1" 200 121854
WARNING 2025-11-12 11:43:24,489 basehttp 16052 13756 "GET /static/js/ready.js HTTP/1.1" 404 1792
INFO 2025-11-12 11:43:25,787 basehttp 16052 22708 "GET /api/check-account-status/ HTTP/1.1" 200 62
INFO 2025-11-12 11:43:27,457 basehttp 16052 22708 "GET /api/check-account-status/ HTTP/1.1" 200 62
INFO 2025-11-12 11:43:29,201 basehttp 16052 22708 "GET /api/check-account-status/ HTTP/1.1" 200 62
INFO 2025-11-12 11:43:32,186 basehttp 16052 22708 "GET /api/check-account-status/ HTTP/1.1" 200 62
INFO 2025-11-12 11:43:35,490 basehttp 16052 22708 "GET /api/check-account-status/ HTTP/1.1" 200 62
INFO 2025-11-12 11:43:38,460 basehttp 16052 22708 "GET /api/check-account-status/ HTTP/1.1" 200 62
INFO 2025-11-12 11:43:41,204 basehttp 16052 22708 "GET /api/check-account-status/ HTTP/1.1" 200 62
INFO 2025-11-12 11:43:44,193 basehttp 16052 22708 "GET /api/check-account-status/ HTTP/1.1" 200 62
INFO 2025-11-12 11:43:47,455 basehttp 16052 22708 "GET /api/check-account-status/ HTTP/1.1" 200 62
INFO 2025-11-12 11:43:52,161 basehttp 16052 5800 "GET /api/check-account-status/ HTTP/1.1" 200 62
INFO 2025-11-12 11:43:53,957 basehttp 16052 5800 "GET /api/check-account-status/ HTTP/1.1" 200 62
INFO 2025-11-12 11:43:56,573 basehttp 16052 5800 "GET /api/check-account-status/ HTTP/1.1" 200 62
INFO 2025-11-12 11:43:59,374 basehttp 16052 5800 "GET /api/check-account-status/ HTTP/1.1" 200 62
INFO 2025-11-12 11:44:02,308 basehttp 16052 5800 "GET /api/check-account-status/ HTTP/1.1" 200 62
INFO 2025-11-12 11:44:05,323 basehttp 16052 5800 "GET /api/check-account-status/ HTTP/1.1" 200 62
INFO 2025-11-12 11:44:05,802 basehttp 16052 23864 "POST /withdraw-item/ HTTP/1.1" 302 0
INFO 2025-11-12 11:44:08,315 basehttp 16052 5800 "GET /api/check-account-status/ HTTP/1.1" 200 62
INFO 2025-11-12 11:44:13,006 basehttp 16052 25188 "GET /api/check-account-status/ HTTP/1.1" 200 62
INFO 2025-11-12 11:44:13,728 basehttp 16052 5800 "GET /financial-loss/ HTTP/1.1" 200 56901
WARNING 2025-11-12 11:44:14,001 basehttp 16052 5800 "GET /static/js/ready.js HTTP/1.1" 404 1792
INFO 2025-11-12 11:44:14,718 basehttp 16052 25188 "GET /api/check-account-status/ HTTP/1.1" 200 62
INFO 2025-11-12 11:44:16,523 basehttp 16052 25188 "GET /api/check-account-status/ HTTP/1.1" 200 62
INFO 2025-11-12 11:44:18,454 basehttp 16052 25188 "GET /api/check-account-status/ HTTP/1.1" 200 62
INFO 2025-11-12 11:44:20,185 basehttp 16052 25188 "GET /api/check-account-status/ HTTP/1.1" 200 62
INFO 2025-11-12 11:44:21,908 basehttp 16052 25188 "GET /api/check-account-status/ HTTP/1.1" 200 62
INFO 2025-11-12 11:44:23,657 basehttp 16052 23864 "GET /withdrawals/ HTTP/1.1" 200 142245
INFO 2025-11-12 11:44:23,661 basehttp 16052 25188 "GET /api/check-account-status/ HTTP/1.1" 200 62
WARNING 2025-11-12 11:44:23,840 basehttp 16052 23864 "GET /static/js/ready.js HTTP/1.1" 404 1792
INFO 2025-11-12 11:44:25,409 basehttp 16052 25188 "GET /api/check-account-status/ HTTP/1.1" 200 62
INFO 2025-11-12 11:44:26,738 basehttp 16052 1716 "GET /financial-loss/ HTTP/1.1" 200 54113
WARNING 2025-11-12 11:44:26,817 basehttp 16052 1716 "GET /static/js/ready.js HTTP/1.1" 404 1792
INFO 2025-11-12 11:44:27,120 basehttp 16052 25188 "GET /api/check-account-status/ HTTP/1.1" 200 62
INFO 2025-11-12 11:44:28,846 basehttp 16052 25188 "GET /api/check-account-status/ HTTP/1.1" 200 62
INFO 2025-11-12 11:44:30,566 basehttp 16052 25188 "GET /api/check-account-status/ HTTP/1.1" 200 62
INFO 2025-11-12 11:44:32,321 basehttp 16052 25188 "GET /api/check-account-status/ HTTP/1.1" 200 62
INFO 2025-11-12 11:44:34,046 basehttp 16052 25188 "GET /api/check-account-status/ HTTP/1.1" 200 62
INFO 2025-11-12 11:44:35,158 basehttp 16052 25228 "GET /financial-loss/ HTTP/1.1" 200 54113
WARNING 2025-11-12 11:44:35,236 basehttp 16052 11100 "GET /static/js/ready.js HTTP/1.1" 404 1792
INFO 2025-11-12 11:44:35,781 basehttp 16052 25188 - Broken pipe from ('127.0.0.1', 53022)
INFO 2025-11-12 11:44:36,871 basehttp 16052 25228 "GET /api/check-account-status/ HTTP/1.1" 200 62
INFO 2025-11-12 11:44:38,604 basehttp 16052 25228 "GET /api/check-account-status/ HTTP/1.1" 200 62
INFO 2025-11-12 11:44:40,310 basehttp 16052 25228 "GET /api/check-account-status/ HTTP/1.1" 200 62
INFO 2025-11-12 11:44:42,004 basehttp 16052 25228 "GET /api/check-account-status/ HTTP/1.1" 200 62
INFO 2025-11-12 11:44:43,754 basehttp 16052 25228 "GET /api/check-account-status/ HTTP/1.1" 200 62
INFO 2025-11-12 11:44:45,474 basehttp 16052 25228 "GET /api/check-account-status/ HTTP/1.1" 200 62
INFO 2025-11-12 11:44:47,162 basehttp 16052 25228 "GET /api/check-account-status/ HTTP/1.1" 200 62
INFO 2025-11-12 11:44:48,857 basehttp 16052 25228 "GET /api/check-account-status/ HTTP/1.1" 200 62
INFO 2025-11-12 11:44:50,550 basehttp 16052 25228 "GET /api/check-account-status/ HTTP/1.1" 200 62
INFO 2025-11-12 11:44:52,393 basehttp 16052 25228 "GET /api/check-account-status/ HTTP/1.1" 200 62
INFO 2025-11-12 11:44:54,192 basehttp 16052 25228 "GET /api/check-account-status/ HTTP/1.1" 200 62
INFO 2025-11-12 11:44:55,885 basehttp 16052 25228 "GET /api/check-account-status/ HTTP/1.1" 200 62
INFO 2025-11-12 11:44:57,580 basehttp 16052 25228 "GET /api/check-account-status/ HTTP/1.1" 200 62
INFO 2025-11-12 11:44:59,269 basehttp 16052 25228 "GET /api/check-account-status/ HTTP/1.1" 200 62
INFO 2025-11-12 11:45:00,964 basehttp 16052 25228 "GET /api/check-account-status/ HTTP/1.1" 200 62
INFO 2025-11-12 11:45:02,661 basehttp 16052 25228 "GET /api/check-account-status/ HTTP/1.1" 200 62
INFO 2025-11-12 11:45:04,354 basehttp 16052 25228 "GET /api/check-account-status/ HTTP/1.1" 200 62
INFO 2025-11-12 11:45:06,044 basehttp 16052 25228 "GET /api/check-account-status/ HTTP/1.1" 200 62
INFO 2025-11-12 11:45:07,735 basehttp 16052 25228 "GET /api/check-account-status/ HTTP/1.1" 200 62
INFO 2025-11-12 11:45:09,423 basehttp 16052 25228 "GET /api/check-account-status/ HTTP/1.1" 200 62
INFO 2025-11-12 11:45:11,114 basehttp 16052 25228 "GET /api/check-account-status/ HTTP/1.1" 200 62
INFO 2025-11-12 11:45:12,804 basehttp 16052 25228 "GET /api/check-account-status/ HTTP/1.1" 200 62
INFO 2025-11-12 11:45:14,493 basehttp 16052 25228 "GET /api/check-account-status/ HTTP/1.1" 200 62
INFO 2025-11-12 11:47:23,454 autoreload 1248 11064 Watching for file changes with StatReloader
INFO 2025-11-12 11:47:27,100 autoreload 24664 24736 Watching for file changes with StatReloader
INFO 2025-11-12 11:47:35,941 basehttp 1248 19492 "GET /api/check-account-status/ HTTP/1.1" 200 62
INFO 2025-11-12 11:47:37,662 basehttp 1248 19492 "GET /api/check-account-status/ HTTP/1.1" 200 62
INFO 2025-11-12 11:47:39,362 basehttp 1248 19492 "GET /api/check-account-status/ HTTP/1.1" 200 62
INFO 2025-11-12 11:47:40,946 basehttp 1248 1448 "GET /withdraw-item/ HTTP/1.1" 200 121854
INFO 2025-11-12 11:47:41,116 basehttp 1248 19492 "GET /api/check-account-status/ HTTP/1.1" 200 62
WARNING 2025-11-12 11:47:41,898 basehttp 1248 1448 "GET /static/js/ready.js HTTP/1.1" 404 1792
INFO 2025-11-12 11:47:43,452 basehttp 1248 19492 "GET /api/check-account-status/ HTTP/1.1" 200 62
INFO 2025-11-12 11:47:45,175 basehttp 1248 19492 "GET /api/check-account-status/ HTTP/1.1" 200 62
INFO 2025-11-12 11:47:46,892 basehttp 1248 19492 "GET /api/check-account-status/ HTTP/1.1" 200 62
INFO 2025-11-12 11:47:47,902 basehttp 1248 24572 "GET / HTTP/1.1" 200 49029
INFO 2025-11-12 11:47:48,613 basehttp 1248 19492 "GET /api/check-account-status/ HTTP/1.1" 200 62
WARNING 2025-11-12 11:47:48,648 basehttp 1248 23120 "GET /static/js/ready.js HTTP/1.1" 404 1792
INFO 2025-11-12 11:47:50,328 basehttp 1248 19492 "GET /api/check-account-status/ HTTP/1.1" 200 62
INFO 2025-11-12 11:47:52,104 basehttp 1248 19492 "GET /api/check-account-status/ HTTP/1.1" 200 62
INFO 2025-11-12 11:47:52,590 basehttp 1248 17608 "GET /api/revenue-change/?year=2025&month=11 HTTP/1.1" 200 48
INFO 2025-11-12 11:47:53,560 basehttp 1248 15828 "GET /api/sales-vs-expenses/ HTTP/1.1" 200 2132
INFO 2025-11-12 11:47:53,823 basehttp 1248 19492 "GET /api/check-account-status/ HTTP/1.1" 200 62
INFO 2025-11-12 11:47:54,045 basehttp 1248 22508 "GET /api/best-sellers/?year=2025&month=11 HTTP/1.1" 200 69
INFO 2025-11-12 11:47:55,536 basehttp 1248 19492 "GET /api/check-account-status/ HTTP/1.1" 200 62
INFO 2025-11-12 11:47:57,244 basehttp 1248 19492 "GET /api/check-account-status/ HTTP/1.1" 200 62
INFO 2025-11-12 11:47:58,983 basehttp 1248 19492 "GET /api/check-account-status/ HTTP/1.1" 200 62
INFO 2025-11-12 11:48:00,692 basehttp 1248 19492 "GET /api/check-account-status/ HTTP/1.1" 200 62
INFO 2025-11-12 11:48:02,413 basehttp 1248 19492 "GET /api/check-account-status/ HTTP/1.1" 200 62
INFO 2025-11-12 11:48:04,115 basehttp 1248 19492 "GET /api/check-account-status/ HTTP/1.1" 200 62
INFO 2025-11-12 11:48:05,827 basehttp 1248 19492 "GET /api/check-account-status/ HTTP/1.1" 200 62
INFO 2025-11-12 11:48:07,527 basehttp 1248 19492 "GET /api/check-account-status/ HTTP/1.1" 200 62
INFO 2025-11-12 11:48:09,229 basehttp 1248 19492 "GET /api/check-account-status/ HTTP/1.1" 200 62
INFO 2025-11-12 11:48:10,932 basehttp 1248 19492 "GET /api/check-account-status/ HTTP/1.1" 200 62
INFO 2025-11-12 11:48:12,638 basehttp 1248 19492 "GET /api/check-account-status/ HTTP/1.1" 200 62
INFO 2025-11-12 11:48:14,351 basehttp 1248 19492 "GET /api/check-account-status/ HTTP/1.1" 200 62
INFO 2025-11-12 11:48:16,053 basehttp 1248 19492 "GET /api/check-account-status/ HTTP/1.1" 200 62
INFO 2025-11-12 11:48:17,754 basehttp 1248 19492 "GET /api/check-account-status/ HTTP/1.1" 200 62
INFO 2025-11-12 11:48:19,456 basehttp 1248 19492 "GET /api/check-account-status/ HTTP/1.1" 200 62
INFO 2025-11-12 11:48:21,337 basehttp 1248 19492 "GET /api/check-account-status/ HTTP/1.1" 200 62
INFO 2025-11-12 11:48:23,057 basehttp 1248 19492 "GET /api/check-account-status/ HTTP/1.1" 200 62
INFO 2025-11-12 11:48:24,775 basehttp 1248 19492 "GET /api/check-account-status/ HTTP/1.1" 200 62
INFO 2025-11-12 11:48:26,480 basehttp 1248 19492 "GET /api/check-account-status/ HTTP/1.1" 200 62
INFO 2025-11-12 11:48:28,185 basehttp 1248 19492 "GET /api/check-account-status/ HTTP/1.1" 200 62
INFO 2025-11-12 11:48:29,925 basehttp 1248 19492 "GET /api/check-account-status/ HTTP/1.1" 200 62
INFO 2025-11-12 11:48:31,636 basehttp 1248 19492 "GET /api/check-account-status/ HTTP/1.1" 200 62
INFO 2025-11-12 11:48:33,350 basehttp 1248 19492 "GET /api/check-account-status/ HTTP/1.1" 200 62
INFO 2025-11-12 11:48:35,069 basehttp 1248 19492 "GET /api/check-account-status/ HTTP/1.1" 200 62
INFO 2025-11-12 11:48:36,053 basehttp 1248 25412 "GET /api/check-account-status/ HTTP/1.1" 200 62
INFO 2025-11-12 11:48:36,766 basehttp 1248 19492 "GET /api/check-account-status/ HTTP/1.1" 200 62
INFO 2025-11-12 11:48:38,169 basehttp 1248 18160 "GET /api/check-account-status/ HTTP/1.1" 200 62
INFO 2025-11-12 11:48:38,477 basehttp 1248 19492 "GET /api/check-account-status/ HTTP/1.1" 200 62
INFO 2025-11-12 11:48:39,497 basehttp 1248 25412 "GET /api/check-account-status/ HTTP/1.1" 200 62
INFO 2025-11-12 11:48:40,189 basehttp 1248 19492 "GET /api/check-account-status/ HTTP/1.1" 200 62
INFO 2025-11-12 11:48:41,904 basehttp 1248 19492 "GET /api/check-account-status/ HTTP/1.1" 200 62
INFO 2025-11-12 11:48:43,622 basehttp 1248 19492 "GET /api/check-account-status/ HTTP/1.1" 200 62
INFO 2025-11-12 11:48:45,319 basehttp 1248 25412 "GET /withdraw-item/ HTTP/1.1" 200 121854
INFO 2025-11-12 11:48:45,341 basehttp 1248 19492 - Broken pipe from ('127.0.0.1', 62012)
INFO 2025-11-12 11:48:45,676 basehttp 1248 21800 "GET /static/css/demo.css HTTP/1.1" 200 1671
INFO 2025-11-12 11:48:45,688 basehttp 1248 18388 "GET /static/css/base.css HTTP/1.1" 200 31662
INFO 2025-11-12 11:48:45,694 basehttp 1248 11100 "GET /static/img/reals.jpg HTTP/1.1" 200 105434
INFO 2025-11-12 11:48:45,704 basehttp 1248 24076 "GET /static/css/ready.css HTTP/1.1" 200 122138
INFO 2025-11-12 11:48:45,711 basehttp 1248 25412 "GET /static/css/bootstrap.min.css HTTP/1.1" 200 144883
INFO 2025-11-12 11:48:45,874 basehttp 1248 21800 "GET /static/js/plugin/chartist/plugin/chartist-plugin-tooltip.min.js HTTP/1.1" 200 7371
INFO 2025-11-12 11:48:45,991 basehttp 1248 18388 "GET /static/js/plugin/chartist/chartist.min.js HTTP/1.1" 200 40223
INFO 2025-11-12 11:48:45,996 basehttp 1248 18388 "GET /static/img/menu2.png HTTP/1.1" 200 3448
INFO 2025-11-12 11:48:46,035 basehttp 1248 25412 "GET /static/js/core/popper.min.js HTTP/1.1" 200 18998
INFO 2025-11-12 11:48:46,047 basehttp 1248 24076 "GET /static/js/core/bootstrap.min.js HTTP/1.1" 200 48950
INFO 2025-11-12 11:48:46,060 basehttp 1248 11100 "GET /static/js/plugin/jquery-ui-1.12.1.custom/jquery-ui.min.js HTTP/1.1" 200 95109
INFO 2025-11-12 11:48:46,112 basehttp 1248 21800 "GET /static/fonts/line-awesome.woff2?v=1.1. HTTP/1.1" 200 45108
INFO 2025-11-12 11:48:46,209 basehttp 1248 25412 "GET /static/js/plugin/bootstrap-toggle/bootstrap-toggle.min.js HTTP/1.1" 200 4137
INFO 2025-11-12 11:48:46,218 basehttp 1248 18388 "GET /static/js/plugin/bootstrap-notify/bootstrap-notify.min.js HTTP/1.1" 200 8976
INFO 2025-11-12 11:48:46,220 basehttp 1248 21800 "GET /static/js/plugin/chart-circle/circles.min.js HTTP/1.1" 200 5356
INFO 2025-11-12 11:48:46,227 basehttp 1248 11100 "GET /static/js/plugin/jquery-mapael/maps/world_countries.min.js HTTP/1.1" 200 125623
INFO 2025-11-12 11:48:46,268 basehttp 1248 24076 "GET /static/js/plugin/jquery-mapael/jquery.mapael.min.js HTTP/1.1" 200 125093
WARNING 2025-11-12 11:48:46,274 basehttp 1248 21800 "GET /static/js/ready.js HTTP/1.1" 404 1792
INFO 2025-11-12 11:48:46,300 basehttp 1248 25412 "GET /static/js/plugin/jquery-scrollbar/jquery.scrollbar.min.js HTTP/1.1" 200 12263
INFO 2025-11-12 11:48:46,443 basehttp 1248 4544 "GET /static/js/core/jquery.3.2.1.min.js HTTP/1.1" 200 86663
INFO 2025-11-12 11:48:46,865 basehttp 1248 23024 - Broken pipe from ('127.0.0.1', 59085)
INFO 2025-11-12 11:48:47,112 basehttp 1248 3540 - Broken pipe from ('127.0.0.1', 61174)
WARNING 2025-11-12 11:48:48,019 log 1248 25412 Not Found: /favicon.ico
WARNING 2025-11-12 11:48:48,019 basehttp 1248 25412 "GET /favicon.ico HTTP/1.1" 404 29221
INFO 2025-11-12 11:48:49,735 basehttp 1248 4544 "GET /api/check-account-status/ HTTP/1.1" 200 62
INFO 2025-11-12 11:48:51,482 basehttp 1248 4544 "GET /api/check-account-status/ HTTP/1.1" 200 62
INFO 2025-11-12 11:48:54,234 basehttp 1248 4544 "GET /api/check-account-status/ HTTP/1.1" 200 62
INFO 2025-11-12 11:48:57,232 basehttp 1248 4544 "GET /api/check-account-status/ HTTP/1.1" 200 62
INFO 2025-11-12 11:49:00,242 basehttp 1248 4544 "GET /api/check-account-status/ HTTP/1.1" 200 62
INFO 2025-11-12 11:49:03,239 basehttp 1248 4544 "GET /api/check-account-status/ HTTP/1.1" 200 62
INFO 2025-11-12 11:49:06,223 basehttp 1248 4544 "GET /api/check-account-status/ HTTP/1.1" 200 62
INFO 2025-11-12 11:49:09,283 basehttp 1248 4544 "GET /api/check-account-status/ HTTP/1.1" 200 62
INFO 2025-11-12 11:49:12,285 basehttp 1248 4544 "GET /api/check-account-status/ HTTP/1.1" 200 62
INFO 2025-11-12 11:49:16,698 basehttp 1248 22356 "GET /api/check-account-status/ HTTP/1.1" 200 62
INFO 2025-11-12 11:49:18,453 basehttp 1248 22356 "GET /api/check-account-status/ HTTP/1.1" 200 62
INFO 2025-11-12 11:49:21,460 basehttp 1248 22356 "GET /api/check-account-status/ HTTP/1.1" 200 62
INFO 2025-11-12 11:49:24,454 basehttp 1248 22356 "GET /api/check-account-status/ HTTP/1.1" 200 62
INFO 2025-11-12 11:49:27,589 basehttp 1248 22356 "GET /api/check-account-status/ HTTP/1.1" 200 62
INFO 2025-11-12 11:49:30,457 basehttp 1248 22356 "GET /api/check-account-status/ HTTP/1.1" 200 62
INFO 2025-11-12 11:49:33,453 basehttp 1248 22356 "GET /api/check-account-status/ HTTP/1.1" 200 62
INFO 2025-11-12 11:49:36,456 basehttp 1248 22356 "GET /api/check-account-status/ HTTP/1.1" 200 62
INFO 2025-11-12 11:49:39,473 basehttp 1248 22356 "GET /api/check-account-status/ HTTP/1.1" 200 62
INFO 2025-11-12 11:49:42,469 basehttp 1248 22356 "GET /api/check-account-status/ HTTP/1.1" 200 62
INFO 2025-11-12 11:49:46,979 basehttp 1248 2280 "GET /api/check-account-status/ HTTP/1.1" 200 62
INFO 2025-11-12 11:49:48,682 basehttp 1248 2280 "GET /api/check-account-status/ HTTP/1.1" 200 62
INFO 2025-11-12 11:49:51,486 basehttp 1248 2280 "GET /api/check-account-status/ HTTP/1.1" 200 62
INFO 2025-11-12 11:49:54,488 basehttp 1248 2280 "GET /api/check-account-status/ HTTP/1.1" 200 62
INFO 2025-11-12 11:49:57,486 basehttp 1248 2280 "GET /api/check-account-status/ HTTP/1.1" 200 62
INFO 2025-11-12 11:50:00,492 basehttp 1248 2280 "GET /api/check-account-status/ HTTP/1.1" 200 62
INFO 2025-11-12 11:50:03,488 basehttp 1248 2280 "GET /api/check-account-status/ HTTP/1.1" 200 62
INFO 2025-11-12 11:50:06,479 basehttp 1248 2280 "GET /api/check-account-status/ HTTP/1.1" 200 62
INFO 2025-11-12 11:50:09,475 basehttp 1248 2280 "GET /api/check-account-status/ HTTP/1.1" 200 62
INFO 2025-11-12 11:50:12,477 basehttp 1248 2280 "GET /api/check-account-status/ HTTP/1.1" 200 62
INFO 2025-11-12 11:50:17,047 basehttp 1248 14864 "GET /api/check-account-status/ HTTP/1.1" 200 62
INFO 2025-11-12 11:50:35,586 basehttp 1248 8360 "GET /api/check-account-status/ HTTP/1.1" 200 62
INFO 2025-11-12 11:50:37,336 basehttp 1248 8360 "GET /api/check-account-status/ HTTP/1.1" 200 62
INFO 2025-11-12 11:50:39,094 basehttp 1248 1480 "GET /withdraw-item/ HTTP/1.1" 200 121892
WARNING 2025-11-12 11:50:39,216 basehttp 1248 1480 "GET /static/js/ready.js HTTP/1.1" 404 1792
INFO 2025-11-12 11:50:39,232 basehttp 1248 8360 - Broken pipe from ('127.0.0.1', 62766)
INFO 2025-11-12 11:50:42,480 basehttp 1248 13340 "GET /api/check-account-status/ HTTP/1.1" 200 62
INFO 2025-11-12 11:50:44,208 basehttp 1248 13340 "GET /api/check-account-status/ HTTP/1.1" 200 62
INFO 2025-11-12 11:50:46,967 basehttp 1248 13340 "GET /api/check-account-status/ HTTP/1.1" 200 62
INFO 2025-11-12 11:50:49,964 basehttp 1248 13340 "GET /api/check-account-status/ HTTP/1.1" 200 62
INFO 2025-11-12 11:50:52,963 basehttp 1248 13340 "GET /api/check-account-status/ HTTP/1.1" 200 62
INFO 2025-11-12 11:50:53,311 basehttp 1248 17068 "POST /withdraw-item/ HTTP/1.1" 302 0
INFO 2025-11-12 11:50:55,985 basehttp 1248 13340 "GET /api/check-account-status/ HTTP/1.1" 200 62
INFO 2025-11-12 11:50:58,975 basehttp 1248 13340 "GET /api/check-account-status/ HTTP/1.1" 200 62
INFO 2025-11-12 11:51:01,969 basehttp 1248 13340 "GET /api/check-account-status/ HTTP/1.1" 200 62
INFO 2025-11-12 11:51:05,519 basehttp 1248 13340 "POST /withdraw-item/ HTTP/1.1" 302 0
INFO 2025-11-12 11:51:06,665 basehttp 1248 23852 "GET /api/check-account-status/ HTTP/1.1" 200 62
INFO 2025-11-12 11:51:08,498 basehttp 1248 23852 "GET /api/check-account-status/ HTTP/1.1" 200 62
INFO 2025-11-12 11:51:13,073 basehttp 1248 15540 "GET /api/check-account-status/ HTTP/1.1" 200 62
INFO 2025-11-12 11:51:13,779 basehttp 1248 23852 "GET /financial-loss/ HTTP/1.1" 200 57544
WARNING 2025-11-12 11:51:14,407 basehttp 1248 23852 "GET /static/js/ready.js HTTP/1.1" 404 1792
INFO 2025-11-12 11:51:15,473 basehttp 1248 15540 "GET /api/check-account-status/ HTTP/1.1" 200 62
INFO 2025-11-12 11:51:15,913 basehttp 1248 17068 - Broken pipe from ('127.0.0.1', 59854)
INFO 2025-11-12 11:51:17,221 basehttp 1248 15540 "GET /api/check-account-status/ HTTP/1.1" 200 62
INFO 2025-11-12 11:51:19,036 basehttp 1248 15540 "GET /api/check-account-status/ HTTP/1.1" 200 62
INFO 2025-11-12 11:51:20,764 basehttp 1248 15540 "GET /api/check-account-status/ HTTP/1.1" 200 62
INFO 2025-11-12 11:51:22,493 basehttp 1248 15540 "GET /api/check-account-status/ HTTP/1.1" 200 62
INFO 2025-11-12 11:51:24,219 basehttp 1248 15540 "GET /api/check-account-status/ HTTP/1.1" 200 62
INFO 2025-11-12 11:51:25,950 basehttp 1248 15540 "GET /api/check-account-status/ HTTP/1.1" 200 62
INFO 2025-11-12 11:51:27,677 basehttp 1248 15540 "GET /api/check-account-status/ HTTP/1.1" 200 62
INFO 2025-11-12 11:51:29,408 basehttp 1248 15540 "GET /api/check-account-status/ HTTP/1.1" 200 62
INFO 2025-11-12 11:51:31,138 basehttp 1248 15540 "GET /api/check-account-status/ HTTP/1.1" 200 62
INFO 2025-11-12 11:51:32,689 basehttp 1248 13340 "GET /withdrawals/ HTTP/1.1" 200 135844
WARNING 2025-11-12 11:51:32,804 basehttp 1248 13340 "GET /static/js/ready.js HTTP/1.1" 404 1792
INFO 2025-11-12 11:51:32,872 basehttp 1248 15540 "GET /api/check-account-status/ HTTP/1.1" 200 62
INFO 2025-11-12 11:51:34,608 basehttp 1248 15540 "GET /api/check-account-status/ HTTP/1.1" 200 62
INFO 2025-11-12 11:51:36,336 basehttp 1248 15540 "GET /api/check-account-status/ HTTP/1.1" 200 62
INFO 2025-11-12 11:51:38,069 basehttp 1248 15540 "GET /api/check-account-status/ HTTP/1.1" 200 62
INFO 2025-11-12 11:51:39,793 basehttp 1248 15540 "GET /api/check-account-status/ HTTP/1.1" 200 62
INFO 2025-11-12 11:51:41,519 basehttp 1248 15540 "GET /api/check-account-status/ HTTP/1.1" 200 62
INFO 2025-11-12 11:51:43,258 basehttp 1248 15540 "GET /api/check-account-status/ HTTP/1.1" 200 62
INFO 2025-11-12 11:51:44,986 basehttp 1248 15540 "GET /api/check-account-status/ HTTP/1.1" 200 62
INFO 2025-11-12 11:51:46,721 basehttp 1248 15540 "GET /api/check-account-status/ HTTP/1.1" 200 62
INFO 2025-11-12 11:51:48,454 basehttp 1248 15540 "GET /api/check-account-status/ HTTP/1.1" 200 62
INFO 2025-11-12 11:51:50,210 basehttp 1248 15540 "GET /api/check-account-status/ HTTP/1.1" 200 62
INFO 2025-11-12 11:51:51,943 basehttp 1248 15540 "GET /api/check-account-status/ HTTP/1.1" 200 62
INFO 2025-11-12 11:51:53,669 basehttp 1248 15540 "GET /api/check-account-status/ HTTP/1.1" 200 62
INFO 2025-11-12 11:51:55,406 basehttp 1248 15540 "GET /api/check-account-status/ HTTP/1.1" 200 62
INFO 2025-11-12 11:51:57,143 basehttp 1248 15540 "GET /api/check-account-status/ HTTP/1.1" 200 62
INFO 2025-11-12 11:51:58,875 basehttp 1248 15540 "GET /api/check-account-status/ HTTP/1.1" 200 62
INFO 2025-11-12 11:52:00,610 basehttp 1248 15540 "GET /api/check-account-status/ HTTP/1.1" 200 62
INFO 2025-11-12 11:52:02,343 basehttp 1248 15540 "GET /api/check-account-status/ HTTP/1.1" 200 62
INFO 2025-11-12 11:52:04,073 basehttp 1248 15540 "GET /api/check-account-status/ HTTP/1.1" 200 62
INFO 2025-11-12 11:52:05,804 basehttp 1248 15540 "GET /api/check-account-status/ HTTP/1.1" 200 62
INFO 2025-11-12 11:52:07,534 basehttp 1248 15540 "GET /api/check-account-status/ HTTP/1.1" 200 62
INFO 2025-11-12 11:52:09,264 basehttp 1248 15540 "GET /api/check-account-status/ HTTP/1.1" 200 62
INFO 2025-11-12 11:52:11,003 basehttp 1248 15540 "GET /api/check-account-status/ HTTP/1.1" 200 62
INFO 2025-11-12 11:52:12,741 basehttp 1248 15540 "GET /api/check-account-status/ HTTP/1.1" 200 62
INFO 2025-11-12 11:52:14,480 basehttp 1248 15540 "GET /api/check-account-status/ HTTP/1.1" 200 62
INFO 2025-11-12 11:52:16,211 basehttp 1248 15540 "GET /api/check-account-status/ HTTP/1.1" 200 62
INFO 2025-11-12 11:52:17,942 basehttp 1248 15540 "GET /api/check-account-status/ HTTP/1.1" 200 62
INFO 2025-11-12 11:52:19,669 basehttp 1248 15540 "GET /api/check-account-status/ HTTP/1.1" 200 62
INFO 2025-11-12 11:52:21,406 basehttp 1248 15540 "GET /api/check-account-status/ HTTP/1.1" 200 62
INFO 2025-11-12 11:52:23,146 basehttp 1248 15540 "GET /api/check-account-status/ HTTP/1.1" 200 62
INFO 2025-11-12 11:52:24,877 basehttp 1248 15540 "GET /api/check-account-status/ HTTP/1.1" 200 62
INFO 2025-11-12 11:52:26,607 basehttp 1248 15540 "GET /api/check-account-status/ HTTP/1.1" 200 62
INFO 2025-11-12 11:52:28,346 basehttp 1248 15540 "GET /api/check-account-status/ HTTP/1.1" 200 62
INFO 2025-11-12 11:52:30,083 basehttp 1248 15540 "GET /api/check-account-status/ HTTP/1.1" 200 62
INFO 2025-11-12 11:52:31,814 basehttp 1248 15540 "GET /api/check-account-status/ HTTP/1.1" 200 62
INFO 2025-11-12 11:52:33,543 basehttp 1248 15540 "GET /api/check-account-status/ HTTP/1.1" 200 62
INFO 2025-11-12 11:52:35,277 basehttp 1248 15540 "GET /api/check-account-status/ HTTP/1.1" 200 62
INFO 2025-11-12 11:52:37,010 basehttp 1248 15540 "GET /api/check-account-status/ HTTP/1.1" 200 62
INFO 2025-11-12 11:52:38,739 basehttp 1248 15540 "GET /api/check-account-status/ HTTP/1.1" 200 62
INFO 2025-11-12 11:52:40,473 basehttp 1248 15540 "GET /api/check-account-status/ HTTP/1.1" 200 62
INFO 2025-11-12 11:52:42,200 basehttp 1248 15540 "GET /api/check-account-status/ HTTP/1.1" 200 62
INFO 2025-11-12 11:52:43,930 basehttp 1248 15540 "GET /api/check-account-status/ HTTP/1.1" 200 62
INFO 2025-11-12 11:52:44,798 basehttp 1248 18528 "GET /salesexpenses/ HTTP/1.1" 200 98178
WARNING 2025-11-12 11:52:44,932 basehttp 1248 18528 "GET /static/js/ready.js HTTP/1.1" 404 1792
INFO 2025-11-12 11:52:45,664 basehttp 1248 15540 "GET /api/check-account-status/ HTTP/1.1" 200 62
INFO 2025-11-12 11:52:47,393 basehttp 1248 15540 "GET /api/check-account-status/ HTTP/1.1" 200 62
INFO 2025-11-12 11:52:49,130 basehttp 1248 15540 "GET /api/check-account-status/ HTTP/1.1" 200 62
INFO 2025-11-12 11:52:50,862 basehttp 1248 15540 "GET /api/check-account-status/ HTTP/1.1" 200 62
INFO 2025-11-12 11:52:52,593 basehttp 1248 15540 "GET /api/check-account-status/ HTTP/1.1" 200 62
INFO 2025-11-12 11:52:54,327 basehttp 1248 15540 "GET /api/check-account-status/ HTTP/1.1" 200 62
INFO 2025-11-12 11:52:56,053 basehttp 1248 15540 "GET /api/check-account-status/ HTTP/1.1" 200 62
INFO 2025-11-12 11:52:57,870 basehttp 1248 15540 "GET /api/check-account-status/ HTTP/1.1" 200 62
INFO 2025-11-12 11:52:59,604 basehttp 1248 15540 "GET /api/check-account-status/ HTTP/1.1" 200 62
INFO 2025-11-12 11:53:01,332 basehttp 1248 15540 "GET /api/check-account-status/ HTTP/1.1" 200 62
INFO 2025-11-12 11:53:02,564 basehttp 1248 19976 "GET /salesexpenses/?month=2025-08 HTTP/1.1" 200 112312
WARNING 2025-11-12 11:53:02,646 basehttp 1248 19976 "GET /static/js/ready.js HTTP/1.1" 404 1792
INFO 2025-11-12 11:53:03,062 basehttp 1248 15540 "GET /api/check-account-status/ HTTP/1.1" 200 62
INFO 2025-11-12 11:53:04,810 basehttp 1248 15540 "GET /api/check-account-status/ HTTP/1.1" 200 62
INFO 2025-11-12 11:53:06,550 basehttp 1248 15540 "GET /api/check-account-status/ HTTP/1.1" 200 62
INFO 2025-11-12 11:53:08,280 basehttp 1248 15540 "GET /api/check-account-status/ HTTP/1.1" 200 62
INFO 2025-11-12 11:53:10,012 basehttp 1248 15540 "GET /api/check-account-status/ HTTP/1.1" 200 62
INFO 2025-11-12 11:53:11,742 basehttp 1248 15540 "GET /api/check-account-status/ HTTP/1.1" 200 62
INFO 2025-11-12 11:53:13,473 basehttp 1248 15540 "GET /api/check-account-status/ HTTP/1.1" 200 62
INFO 2025-11-12 11:53:15,202 basehttp 1248 15540 "GET /api/check-account-status/ HTTP/1.1" 200 62
INFO 2025-11-12 11:53:16,938 basehttp 1248 15540 "GET /api/check-account-status/ HTTP/1.1" 200 62
INFO 2025-11-12 11:53:18,681 basehttp 1248 15540 "GET /api/check-account-status/ HTTP/1.1" 200 62
INFO 2025-11-12 11:53:20,411 basehttp 1248 15540 "GET /api/check-account-status/ HTTP/1.1" 200 62
INFO 2025-11-12 11:53:21,638 basehttp 1248 17924 "GET /salesexpenses/ HTTP/1.1" 200 98178
WARNING 2025-11-12 11:53:21,709 basehttp 1248 17924 "GET /static/js/ready.js HTTP/1.1" 404 1792
INFO 2025-11-12 11:53:22,138 basehttp 1248 15540 "GET /api/check-account-status/ HTTP/1.1" 200 62
INFO 2025-11-12 11:53:23,900 basehttp 1248 15540 "GET /api/check-account-status/ HTTP/1.1" 200 62
INFO 2025-11-12 11:53:25,633 basehttp 1248 15540 "GET /api/check-account-status/ HTTP/1.1" 200 62
INFO 2025-11-12 11:53:27,373 basehttp 1248 15540 "GET /api/check-account-status/ HTTP/1.1" 200 62
INFO 2025-11-12 11:53:29,103 basehttp 1248 15540 "GET /api/check-account-status/ HTTP/1.1" 200 62
INFO 2025-11-12 11:53:30,869 basehttp 1248 15540 "GET /api/check-account-status/ HTTP/1.1" 200 62
INFO 2025-11-12 11:53:32,599 basehttp 1248 15540 "GET /api/check-account-status/ HTTP/1.1" 200 62
INFO 2025-11-12 11:53:33,535 basehttp 1248 18860 "GET /report/ HTTP/1.1" 200 46831
WARNING 2025-11-12 11:53:33,635 basehttp 1248 18860 "GET /static/js/ready.js HTTP/1.1" 404 1792
INFO 2025-11-12 11:53:34,343 basehttp 1248 15540 "GET /api/check-account-status/ HTTP/1.1" 200 62
INFO 2025-11-12 11:53:36,087 basehttp 1248 15540 "GET /api/check-account-status/ HTTP/1.1" 200 62
INFO 2025-11-12 11:53:37,812 basehttp 1248 15540 "GET /api/check-account-status/ HTTP/1.1" 200 62
INFO 2025-11-12 11:53:39,542 basehttp 1248 15540 "GET /api/check-account-status/ HTTP/1.1" 200 62
INFO 2025-11-12 11:53:41,183 basehttp 1248 1436 "GET /report/ HTTP/1.1" 200 46831
INFO 2025-11-12 11:53:41,270 basehttp 1248 15540 "GET /api/check-account-status/ HTTP/1.1" 200 62
WARNING 2025-11-12 11:53:41,310 basehttp 1248 1436 "GET /static/js/ready.js HTTP/1.1" 404 1792
INFO 2025-11-12 11:53:43,007 basehttp 1248 15540 "GET /api/check-account-status/ HTTP/1.1" 200 62
INFO 2025-11-12 11:53:44,736 basehttp 1248 15540 "GET /api/check-account-status/ HTTP/1.1" 200 62
INFO 2025-11-12 11:53:46,469 basehttp 1248 15540 "GET /api/check-account-status/ HTTP/1.1" 200 62
INFO 2025-11-12 11:53:48,199 basehttp 1248 15540 "GET /api/check-account-status/ HTTP/1.1" 200 62
INFO 2025-11-12 11:53:49,929 basehttp 1248 15540 "GET /api/check-account-status/ HTTP/1.1" 200 62
INFO 2025-11-12 11:53:51,658 basehttp 1248 15540 "GET /api/check-account-status/ HTTP/1.1" 200 62
INFO 2025-11-12 11:53:53,393 basehttp 1248 15540 "GET /api/check-account-status/ HTTP/1.1" 200 62
INFO 2025-11-12 11:53:55,125 basehttp 1248 15540 "GET /api/check-account-status/ HTTP/1.1" 200 62
INFO 2025-11-12 11:53:56,854 basehttp 1248 15540 "GET /api/check-account-status/ HTTP/1.1" 200 62
INFO 2025-11-12 11:53:58,583 basehttp 1248 15540 "GET /api/check-account-status/ HTTP/1.1" 200 62
INFO 2025-11-12 11:54:00,319 basehttp 1248 15540 "GET /api/check-account-status/ HTTP/1.1" 200 62
INFO 2025-11-12 11:54:02,052 basehttp 1248 15540 "GET /api/check-account-status/ HTTP/1.1" 200 62
INFO 2025-11-12 11:54:04,134 basehttp 1248 15540 "GET /api/check-account-status/ HTTP/1.1" 200 62
INFO 2025-11-12 11:54:07,130 basehttp 1248 15540 "GET /api/check-account-status/ HTTP/1.1" 200 62
INFO 2025-11-12 11:54:10,135 basehttp 1248 15540 "GET /api/check-account-status/ HTTP/1.1" 200 62
INFO 2025-11-12 11:54:13,145 basehttp 1248 15540 "GET /api/check-account-status/ HTTP/1.1" 200 62
INFO 2025-11-12 11:54:16,123 basehttp 1248 15540 "GET /api/check-account-status/ HTTP/1.1" 200 62
INFO 2025-11-12 11:54:19,125 basehttp 1248 15540 "GET /api/check-account-status/ HTTP/1.1" 200 62
INFO 2025-11-12 11:54:22,130 basehttp 1248 15540 "GET /api/check-account-status/ HTTP/1.1" 200 62
INFO 2025-11-12 11:54:25,136 basehttp 1248 15540 "GET /api/check-account-status/ HTTP/1.1" 200 62
INFO 2025-11-12 11:54:28,128 basehttp 1248 15540 "GET /api/check-account-status/ HTTP/1.1" 200 62
INFO 2025-11-12 11:54:31,134 basehttp 1248 15540 "GET /api/check-account-status/ HTTP/1.1" 200 62
INFO 2025-11-12 11:54:34,140 basehttp 1248 15540 "GET /api/check-account-status/ HTTP/1.1" 200 62
INFO 2025-11-12 11:54:37,133 basehttp 1248 15540 "GET /api/check-account-status/ HTTP/1.1" 200 62
INFO 2025-11-12 11:54:38,862 basehttp 1248 15540 "GET /api/check-account-status/ HTTP/1.1" 200 62
INFO 2025-11-12 11:54:40,593 basehttp 1248 15540 "GET /api/check-account-status/ HTTP/1.1" 200 62
INFO 2025-11-12 11:54:42,330 basehttp 1248 15540 "GET /api/check-account-status/ HTTP/1.1" 200 62
INFO 2025-11-12 11:54:44,063 basehttp 1248 15540 "GET /api/check-account-status/ HTTP/1.1" 200 62
INFO 2025-11-12 11:54:45,792 basehttp 1248 15540 "GET /api/check-account-status/ HTTP/1.1" 200 62
INFO 2025-11-12 11:54:47,520 basehttp 1248 15540 "GET /api/check-account-status/ HTTP/1.1" 200 62
INFO 2025-11-12 11:54:49,244 basehttp 1248 15540 "GET /api/check-account-status/ HTTP/1.1" 200 62
INFO 2025-11-12 11:54:50,974 basehttp 1248 15540 "GET /api/check-account-status/ HTTP/1.1" 200 62
INFO 2025-11-12 11:54:52,734 basehttp 1248 15540 "GET /api/check-account-status/ HTTP/1.1" 200 62
INFO 2025-11-12 11:54:54,467 basehttp 1248 15540 "GET /api/check-account-status/ HTTP/1.1" 200 62
INFO 2025-11-12 11:54:56,195 basehttp 1248 15540 "GET /api/check-account-status/ HTTP/1.1" 200 62
INFO 2025-11-12 11:54:57,919 basehttp 1248 15540 "GET /api/check-account-status/ HTTP/1.1" 200 62
INFO 2025-11-12 11:54:59,753 basehttp 1248 15540 "GET /api/check-account-status/ HTTP/1.1" 200 62
INFO 2025-11-12 11:55:01,480 basehttp 1248 15540 "GET /api/check-account-status/ HTTP/1.1" 200 62
INFO 2025-11-12 11:55:03,208 basehttp 1248 15540 "GET /api/check-account-status/ HTTP/1.1" 200 62
INFO 2025-11-12 11:55:04,935 basehttp 1248 15540 "GET /api/check-account-status/ HTTP/1.1" 200 62
INFO 2025-11-12 11:55:06,660 basehttp 1248 15540 "GET /api/check-account-status/ HTTP/1.1" 200 62
INFO 2025-11-12 11:55:08,386 basehttp 1248 15540 "GET /api/check-account-status/ HTTP/1.1" 200 62
INFO 2025-11-12 11:55:10,110 basehttp 1248 15540 "GET /api/check-account-status/ HTTP/1.1" 200 62
INFO 2025-11-12 11:55:11,836 basehttp 1248 15540 "GET /api/check-account-status/ HTTP/1.1" 200 62
INFO 2025-11-12 11:55:13,628 basehttp 1248 15540 "GET /api/check-account-status/ HTTP/1.1" 200 62
INFO 2025-11-12 11:55:15,350 basehttp 1248 15540 "GET /api/check-account-status/ HTTP/1.1" 200 62
INFO 2025-11-12 11:55:17,069 basehttp 1248 15540 "GET /api/check-account-status/ HTTP/1.1" 200 62
INFO 2025-11-12 11:55:18,793 basehttp 1248 15540 "GET /api/check-account-status/ HTTP/1.1" 200 62
INFO 2025-11-12 11:55:20,515 basehttp 1248 15540 "GET /api/check-account-status/ HTTP/1.1" 200 62
INFO 2025-11-12 11:55:22,244 basehttp 1248 15540 "GET /api/check-account-status/ HTTP/1.1" 200 62
INFO 2025-11-12 11:55:23,971 basehttp 1248 15540 "GET /api/check-account-status/ HTTP/1.1" 200 62
INFO 2025-11-12 11:55:25,693 basehttp 1248 15540 "GET /api/check-account-status/ HTTP/1.1" 200 62
INFO 2025-11-12 11:55:27,457 basehttp 1248 15540 "GET /api/check-account-status/ HTTP/1.1" 200 62
INFO 2025-11-12 11:55:29,277 basehttp 1248 15540 "GET /api/check-account-status/ HTTP/1.1" 200 62
INFO 2025-11-12 11:55:31,015 basehttp 1248 15540 "GET /api/check-account-status/ HTTP/1.1" 200 62
INFO 2025-11-12 11:55:32,736 basehttp 1248 15540 "GET /api/check-account-status/ HTTP/1.1" 200 62
INFO 2025-11-12 11:55:34,473 basehttp 1248 15540 "GET /api/check-account-status/ HTTP/1.1" 200 62
INFO 2025-11-12 11:55:36,247 basehttp 1248 15540 "GET /api/check-account-status/ HTTP/1.1" 200 62
INFO 2025-11-12 11:55:37,977 basehttp 1248 15540 "GET /api/check-account-status/ HTTP/1.1" 200 62
INFO 2025-11-12 11:55:39,701 basehttp 1248 15540 "GET /api/check-account-status/ HTTP/1.1" 200 62
INFO 2025-11-12 11:55:41,425 basehttp 1248 15540 "GET /api/check-account-status/ HTTP/1.1" 200 62
INFO 2025-11-12 11:55:43,157 basehttp 1248 15540 "GET /api/check-account-status/ HTTP/1.1" 200 62
INFO 2025-11-12 11:55:44,887 basehttp 1248 15540 "GET /api/check-account-status/ HTTP/1.1" 200 62
INFO 2025-11-12 11:55:46,619 basehttp 1248 15540 "GET /api/check-account-status/ HTTP/1.1" 200 62
INFO 2025-11-12 11:55:48,354 basehttp 1248 15540 "GET /api/check-account-status/ HTTP/1.1" 200 62
INFO 2025-11-12 11:55:50,079 basehttp 1248 15540 "GET /api/check-account-status/ HTTP/1.1" 200 62
INFO 2025-11-12 11:55:51,810 basehttp 1248 15540 "GET /api/check-account-status/ HTTP/1.1" 200 62
INFO 2025-11-12 11:55:53,535 basehttp 1248 15540 "GET /api/check-account-status/ HTTP/1.1" 200 62
INFO 2025-11-12 11:55:55,262 basehttp 1248 15540 "GET /api/check-account-status/ HTTP/1.1" 200 62
INFO 2025-11-12 11:55:57,004 basehttp 1248 15540 "GET /api/check-account-status/ HTTP/1.1" 200 62
INFO 2025-11-12 11:56:38,785 autoreload 1248 11064 C:\Users\ASUS\OneDrive\Desktop\capstone\Inventory-and-Sales-Management-System-for-Reals-Food-Products\projectsite\realsproj\views.py changed, reloading.
INFO 2025-11-12 11:56:38,916 autoreload 24664 24736 C:\Users\ASUS\OneDrive\Desktop\capstone\Inventory-and-Sales-Management-System-for-Reals-Food-Products\projectsite\realsproj\views.py changed, reloading.
INFO 2025-11-12 11:56:41,780 autoreload 7644 440 Watching for file changes with StatReloader
INFO 2025-11-12 11:56:42,687 autoreload 20504 20756 Watching for file changes with StatReloader
INFO 2025-11-12 11:57:38,977 basehttp 7644 22580 "GET /api/check-account-status/ HTTP/1.1" 200 62
INFO 2025-11-12 11:58:14,348 basehttp 7644 5376 "GET /api/check-account-status/ HTTP/1.1" 200 62
INFO 2025-11-12 11:58:16,094 basehttp 7644 5376 "GET /api/check-account-status/ HTTP/1.1" 200 62
INFO 2025-11-12 11:58:17,848 basehttp 7644 5376 "GET /api/check-account-status/ HTTP/1.1" 200 62
INFO 2025-11-12 11:58:20,262 basehttp 7644 5204 "GET /financial-loss/ HTTP/1.1" 200 56216
WARNING 2025-11-12 11:58:20,425 basehttp 7644 7452 "GET /static/js/ready.js HTTP/1.1" 404 1792
INFO 2025-11-12 11:58:21,104 basehttp 7644 13972 - Broken pipe from ('127.0.0.1', 63335)
INFO 2025-11-12 11:58:22,062 basehttp 7644 5204 "GET /api/check-account-status/ HTTP/1.1" 200 62
INFO 2025-11-12 11:58:23,836 basehttp 7644 5204 "GET /api/check-account-status/ HTTP/1.1" 200 62
INFO 2025-11-12 11:58:24,007 basehttp 7644 5376 "GET /salesexpenses/ HTTP/1.1" 200 98178
WARNING 2025-11-12 11:58:24,148 basehttp 7644 5376 "GET /static/js/ready.js HTTP/1.1" 404 1792
INFO 2025-11-12 11:58:25,613 basehttp 7644 5204 "GET /api/check-account-status/ HTTP/1.1" 200 62
INFO 2025-11-12 11:58:27,392 basehttp 7644 5204 "GET /api/check-account-status/ HTTP/1.1" 200 62
INFO 2025-11-12 11:58:29,175 basehttp 7644 5204 "GET /api/check-account-status/ HTTP/1.1" 200 62
INFO 2025-11-12 11:58:30,958 basehttp 7644 5204 "GET /api/check-account-status/ HTTP/1.1" 200 62
INFO 2025-11-12 11:58:32,742 basehttp 7644 5204 "GET /api/check-account-status/ HTTP/1.1" 200 62
INFO 2025-11-12 11:58:34,519 basehttp 7644 5204 "GET /api/check-account-status/ HTTP/1.1" 200 62
INFO 2025-11-12 11:58:36,297 basehttp 7644 5204 "GET /api/check-account-status/ HTTP/1.1" 200 62
INFO 2025-11-12 11:58:38,069 basehttp 7644 5204 "GET /api/check-account-status/ HTTP/1.1" 200 62
INFO 2025-11-12 11:58:39,843 basehttp 7644 5204 "GET /api/check-account-status/ HTTP/1.1" 200 62
INFO 2025-11-12 11:58:41,631 basehttp 7644 5204 "GET /api/check-account-status/ HTTP/1.1" 200 62
INFO 2025-11-12 11:58:43,407 basehttp 7644 5204 "GET /api/check-account-status/ HTTP/1.1" 200 62
INFO 2025-11-12 11:58:45,183 basehttp 7644 5204 "GET /api/check-account-status/ HTTP/1.1" 200 62
INFO 2025-11-12 11:58:46,720 basehttp 7644 20996 "GET /financial-loss/ HTTP/1.1" 200 56216
WARNING 2025-11-12 11:58:46,848 basehttp 7644 20996 "GET /static/js/ready.js HTTP/1.1" 404 1792
INFO 2025-11-12 11:58:46,955 basehttp 7644 5204 "GET /api/check-account-status/ HTTP/1.1" 200 62
INFO 2025-11-12 11:58:48,743 basehttp 7644 5204 "GET /api/check-account-status/ HTTP/1.1" 200 62
INFO 2025-11-12 11:58:50,529 basehttp 7644 5204 "GET /api/check-account-status/ HTTP/1.1" 200 62
INFO 2025-11-12 11:58:52,319 basehttp 7644 5204 "GET /api/check-account-status/ HTTP/1.1" 200 62
INFO 2025-11-12 11:58:54,095 basehttp 7644 5204 "GET /api/check-account-status/ HTTP/1.1" 200 62
INFO 2025-11-12 11:58:55,877 basehttp 7644 5204 "GET /api/check-account-status/ HTTP/1.1" 200 62
INFO 2025-11-12 11:58:57,654 basehttp 7644 5204 "GET /api/check-account-status/ HTTP/1.1" 200 62
INFO 2025-11-12 11:58:59,428 basehttp 7644 5204 "GET /api/check-account-status/ HTTP/1.1" 200 62
INFO 2025-11-12 11:59:01,208 basehttp 7644 5204 "GET /api/check-account-status/ HTTP/1.1" 200 62
INFO 2025-11-12 11:59:02,987 basehttp 7644 5204 "GET /api/check-account-status/ HTTP/1.1" 200 62
INFO 2025-11-12 11:59:03,087 basehttp 7644 16516 "GET /api/check-account-status/ HTTP/1.1" 200 62
INFO 2025-11-12 11:59:04,762 basehttp 7644 5204 "GET /api/check-account-status/ HTTP/1.1" 200 62
INFO 2025-11-12 11:59:06,043 basehttp 7644 23684 "GET /api/check-account-status/ HTTP/1.1" 200 62
INFO 2025-11-12 11:59:06,194 basehttp 7644 3276 "GET /api/check-account-status/ HTTP/1.1" 200 62
INFO 2025-11-12 11:59:06,543 basehttp 7644 5204 "GET /api/check-account-status/ HTTP/1.1" 200 62
INFO 2025-11-12 11:59:07,512 basehttp 7644 16516 "GET /api/check-account-status/ HTTP/1.1" 200 62
INFO 2025-11-12 11:59:08,327 basehttp 7644 5204 "GET /api/check-account-status/ HTTP/1.1" 200 62
INFO 2025-11-12 11:59:09,524 basehttp 7644 16516 "GET /api/check-account-status/ HTTP/1.1" 200 62
INFO 2025-11-12 11:59:10,105 basehttp 7644 5204 "GET /api/check-account-status/ HTTP/1.1" 200 62
INFO 2025-11-12 11:59:10,599 basehttp 7644 3276 "GET /api/check-account-status/ HTTP/1.1" 200 62
INFO 2025-11-12 11:59:11,710 basehttp 7644 16516 "GET /api/check-account-status/ HTTP/1.1" 200 62
INFO 2025-11-12 11:59:11,883 basehttp 7644 5204 "GET /api/check-account-status/ HTTP/1.1" 200 62
INFO 2025-11-12 11:59:13,507 basehttp 7644 16516 "GET /api/check-account-status/ HTTP/1.1" 200 62
INFO 2025-11-12 11:59:13,614 basehttp 7644 3276 "GET /api/check-account-status/ HTTP/1.1" 200 62
INFO 2025-11-12 11:59:13,658 basehttp 7644 5204 "GET /api/check-account-status/ HTTP/1.1" 200 62
INFO 2025-11-12 11:59:15,442 basehttp 7644 5204 "GET /api/check-account-status/ HTTP/1.1" 200 62
INFO 2025-11-12 11:59:16,520 basehttp 7644 16516 "GET /api/check-account-status/ HTTP/1.1" 200 62
INFO 2025-11-12 11:59:16,621 basehttp 7644 3276 "GET /api/check-account-status/ HTTP/1.1" 200 62
INFO 2025-11-12 11:59:17,228 basehttp 7644 5204 "GET /api/check-account-status/ HTTP/1.1" 200 62
INFO 2025-11-12 11:59:18,596 basehttp 7644 3276 "GET /api/check-account-status/ HTTP/1.1" 200 62
INFO 2025-11-12 11:59:19,010 basehttp 7644 5204 "GET /api/check-account-status/ HTTP/1.1" 200 62
INFO 2025-11-12 11:59:19,493 basehttp 7644 16516 "GET /api/check-account-status/ HTTP/1.1" 200 62
INFO 2025-11-12 11:59:20,776 basehttp 7644 3276 "GET /api/check-account-status/ HTTP/1.1" 200 62
INFO 2025-11-12 11:59:20,789 basehttp 7644 5204 "GET /api/check-account-status/ HTTP/1.1" 200 62
INFO 2025-11-12 11:59:22,506 basehttp 7644 16516 "GET /api/check-account-status/ HTTP/1.1" 200 62
INFO 2025-11-12 11:59:22,562 basehttp 7644 5204 "GET /api/check-account-status/ HTTP/1.1" 200 62
INFO 2025-11-12 11:59:22,589 basehttp 7644 3276 "GET /api/check-account-status/ HTTP/1.1" 200 62
INFO 2025-11-12 11:59:24,345 basehttp 7644 5204 "GET /api/check-account-status/ HTTP/1.1" 200 62
INFO 2025-11-12 11:59:25,500 basehttp 7644 16516 "GET /api/check-account-status/ HTTP/1.1" 200 62
INFO 2025-11-12 11:59:25,600 basehttp 7644 3276 "GET /api/check-account-status/ HTTP/1.1" 200 62
INFO 2025-11-12 11:59:26,124 basehttp 7644 5204 "GET /api/check-account-status/ HTTP/1.1" 200 62
INFO 2025-11-12 11:59:27,610 basehttp 7644 3276 "GET /api/check-account-status/ HTTP/1.1" 200 62
INFO 2025-11-12 11:59:27,907 basehttp 7644 5204 "GET /api/check-account-status/ HTTP/1.1" 200 62
INFO 2025-11-12 11:59:28,507 basehttp 7644 16516 "GET /api/check-account-status/ HTTP/1.1" 200 62
INFO 2025-11-12 11:59:29,686 basehttp 7644 5204 "GET /api/check-account-status/ HTTP/1.1" 200 62
INFO 2025-11-12 11:59:30,508 basehttp 7644 16516 "GET /api/check-account-status/ HTTP/1.1" 200 62
INFO 2025-11-12 11:59:31,461 basehttp 7644 5204 "GET /api/check-account-status/ HTTP/1.1" 200 62
INFO 2025-11-12 11:59:32,469 basehttp 7644 12180 "GET /api/check-account-status/ HTTP/1.1" 200 62
INFO 2025-11-12 11:59:33,141 basehttp 7644 16516 "GET /api/check-account-status/ HTTP/1.1" 200 62
INFO 2025-11-12 11:59:33,243 basehttp 7644 5204 "GET /api/check-account-status/ HTTP/1.1" 200 62
INFO 2025-11-12 11:59:34,487 basehttp 7644 12180 "GET /api/check-account-status/ HTTP/1.1" 200 62
INFO 2025-11-12 11:59:35,020 basehttp 7644 5204 "GET /api/check-account-status/ HTTP/1.1" 200 62
INFO 2025-11-12 11:59:35,960 basehttp 7644 9292 "GET /api/check-account-status/ HTTP/1.1" 200 62
INFO 2025-11-12 11:59:36,473 basehttp 7644 12180 "GET /api/check-account-status/ HTTP/1.1" 200 62
INFO 2025-11-12 11:59:36,800 basehttp 7644 5204 "GET /api/check-account-status/ HTTP/1.1" 200 62
INFO 2025-11-12 11:59:38,037 basehttp 7644 16516 "GET /report/ HTTP/1.1" 200 46831
WARNING 2025-11-12 11:59:38,114 basehttp 7644 16516 "GET /static/js/ready.js HTTP/1.1" 404 1792
INFO 2025-11-12 11:59:38,577 basehttp 7644 5204 "GET /api/check-account-status/ HTTP/1.1" 200 62
INFO 2025-11-12 11:59:39,480 basehttp 7644 12180 "GET /api/check-account-status/ HTTP/1.1" 200 62
INFO 2025-11-12 11:59:40,346 basehttp 7644 5204 "GET /api/check-account-status/ HTTP/1.1" 200 62
INFO 2025-11-12 11:59:42,119 basehttp 7644 5204 "GET /api/check-account-status/ HTTP/1.1" 200 62
INFO 2025-11-12 11:59:42,486 basehttp 7644 12180 "GET /api/check-account-status/ HTTP/1.1" 200 62
INFO 2025-11-12 11:59:43,891 basehttp 7644 5204 "GET /api/check-account-status/ HTTP/1.1" 200 62
INFO 2025-11-12 11:59:44,493 basehttp 7644 19104 "GET /api/check-account-status/ HTTP/1.1" 200 62
INFO 2025-11-12 11:59:45,663 basehttp 7644 5204 "GET /api/check-account-status/ HTTP/1.1" 200 62
INFO 2025-11-12 11:59:47,443 basehttp 7644 5204 "GET /api/check-account-status/ HTTP/1.1" 200 62
INFO 2025-11-12 11:59:49,224 basehttp 7644 5204 "GET /api/check-account-status/ HTTP/1.1" 200 62
INFO 2025-11-12 11:59:51,057 basehttp 7644 5204 "GET /api/check-account-status/ HTTP/1.1" 200 62
INFO 2025-11-12 11:59:52,830 basehttp 7644 5204 "GET /api/check-account-status/ HTTP/1.1" 200 62
INFO 2025-11-12 11:59:53,646 basehttp 7644 15612 "GET /api/check-account-status/ HTTP/1.1" 200 62
INFO 2025-11-12 11:59:54,612 basehttp 7644 5204 "GET /api/check-account-status/ HTTP/1.1" 200 62
INFO 2025-11-12 11:59:55,705 basehttp 7644 24124 "GET /api/check-account-status/ HTTP/1.1" 200 62
INFO 2025-11-12 11:59:56,008 basehttp 7644 13636 "GET /api/check-account-status/ HTTP/1.1" 200 62
INFO 2025-11-12 11:59:56,392 basehttp 7644 5204 "GET /api/check-account-status/ HTTP/1.1" 200 62
INFO 2025-11-12 11:59:57,499 basehttp 7644 15612 "GET /api/check-account-status/ HTTP/1.1" 200 62
INFO 2025-11-12 11:59:57,543 basehttp 7644 24124 "GET /api/check-account-status/ HTTP/1.1" 200 62
INFO 2025-11-12 11:59:58,169 basehttp 7644 5204 "GET /api/check-account-status/ HTTP/1.1" 200 62
INFO 2025-11-12 11:59:59,872 basehttp 7644 24124 "GET /api/check-account-status/ HTTP/1.1" 200 62
INFO 2025-11-12 11:59:59,948 basehttp 7644 5204 "GET /api/check-account-status/ HTTP/1.1" 200 62
INFO 2025-11-12 12:00:01,725 basehttp 7644 5204 "GET /api/check-account-status/ HTTP/1.1" 200 62
INFO 2025-11-12 12:00:03,055 basehttp 7644 23228 "GET /api/check-account-status/ HTTP/1.1" 200 62
INFO 2025-11-12 12:00:03,510 basehttp 7644 5204 "GET /api/check-account-status/ HTTP/1.1" 200 62
INFO 2025-11-12 12:00:04,535 basehttp 7644 24124 "GET /api/check-account-status/ HTTP/1.1" 200 62
INFO 2025-11-12 12:00:05,297 basehttp 7644 5204 "GET /api/check-account-status/ HTTP/1.1" 200 62
INFO 2025-11-12 12:00:06,537 basehttp 7644 24124 "GET /api/check-account-status/ HTTP/1.1" 200 62
INFO 2025-11-12 12:00:07,071 basehttp 7644 5204 "GET /api/check-account-status/ HTTP/1.1" 200 62
INFO 2025-11-12 12:00:08,843 basehttp 7644 5204 "GET /api/check-account-status/ HTTP/1.1" 200 62
INFO 2025-11-12 12:00:09,533 basehttp 7644 24124 "GET /api/check-account-status/ HTTP/1.1" 200 62
INFO 2025-11-12 12:00:10,484 basehttp 7644 23228 "GET /api/check-account-status/ HTTP/1.1" 200 62
INFO 2025-11-12 12:00:10,625 basehttp 7644 5204 "GET /api/check-account-status/ HTTP/1.1" 200 62
INFO 2025-11-12 12:00:12,396 basehttp 7644 5204 "GET /api/check-account-status/ HTTP/1.1" 200 62
INFO 2025-11-12 12:00:13,477 basehttp 7644 23228 "GET /api/check-account-status/ HTTP/1.1" 200 62
INFO 2025-11-12 12:00:14,167 basehttp 7644 5204 "GET /api/check-account-status/ HTTP/1.1" 200 62
INFO 2025-11-12 12:00:15,496 basehttp 7644 23228 "GET /api/check-account-status/ HTTP/1.1" 200 62
INFO 2025-11-12 12:00:15,944 basehttp 7644 5204 "GET /api/check-account-status/ HTTP/1.1" 200 62
INFO 2025-11-12 12:00:17,720 basehttp 7644 5204 "GET /api/check-account-status/ HTTP/1.1" 200 62
INFO 2025-11-12 12:00:18,480 basehttp 7644 23228 "GET /api/check-account-status/ HTTP/1.1" 200 62
INFO 2025-11-12 12:00:19,493 basehttp 7644 5204 "GET /api/check-account-status/ HTTP/1.1" 200 62
INFO 2025-11-12 12:00:20,659 basehttp 7644 23228 "GET /api/check-account-status/ HTTP/1.1" 200 62
INFO 2025-11-12 12:00:21,263 basehttp 7644 5204 "GET /api/check-account-status/ HTTP/1.1" 200 62
INFO 2025-11-12 12:00:22,377 basehttp 7644 21080 "GET /api/check-account-status/ HTTP/1.1" 200 62
INFO 2025-11-12 12:00:23,041 basehttp 7644 5204 "GET /api/check-account-status/ HTTP/1.1" 200 62
INFO 2025-11-12 12:00:24,477 basehttp 7644 21080 "GET /api/check-account-status/ HTTP/1.1" 200 62
INFO 2025-11-12 12:00:24,812 basehttp 7644 5204 "GET /api/check-account-status/ HTTP/1.1" 200 62
INFO 2025-11-12 12:00:26,592 basehttp 7644 5204 "GET /api/check-account-status/ HTTP/1.1" 200 62
INFO 2025-11-12 12:00:27,472 basehttp 7644 21080 "GET /api/check-account-status/ HTTP/1.1" 200 62
INFO 2025-11-12 12:00:27,995 basehttp 7644 23228 "GET /api/check-account-status/ HTTP/1.1" 200 62
INFO 2025-11-12 12:00:28,363 basehttp 7644 5204 "GET /api/check-account-status/ HTTP/1.1" 200 62
INFO 2025-11-12 12:00:30,146 basehttp 7644 5204 "GET /api/check-account-status/ HTTP/1.1" 200 62
INFO 2025-11-12 12:00:31,924 basehttp 7644 5204 "GET /api/check-account-status/ HTTP/1.1" 200 62
INFO 2025-11-12 12:00:32,683 basehttp 7644 4600 "GET /api/check-account-status/ HTTP/1.1" 200 62
INFO 2025-11-12 12:00:33,693 basehttp 7644 5204 "GET /api/check-account-status/ HTTP/1.1" 200 62
INFO 2025-11-12 12:00:35,258 basehttp 7644 1996 "GET /api/check-account-status/ HTTP/1.1" 200 62
INFO 2025-11-12 12:00:35,489 basehttp 7644 5204 "GET /api/check-account-status/ HTTP/1.1" 200 62
INFO 2025-11-12 12:00:36,604 basehttp 7644 4600 "GET /api/check-account-status/ HTTP/1.1" 200 62
INFO 2025-11-12 12:00:37,130 basehttp 7644 1996 "GET /api/check-account-status/ HTTP/1.1" 200 62
INFO 2025-11-12 12:00:37,293 basehttp 7644 5204 "GET /api/check-account-status/ HTTP/1.1" 200 62
INFO 2025-11-12 12:00:39,080 basehttp 7644 5204 "GET /api/check-account-status/ HTTP/1.1" 200 62
INFO 2025-11-12 12:00:40,113 basehttp 7644 1996 "GET /api/check-account-status/ HTTP/1.1" 200 62
INFO 2025-11-12 12:00:40,852 basehttp 7644 5204 "GET /api/check-account-status/ HTTP/1.1" 200 62
INFO 2025-11-12 12:00:42,610 basehttp 7644 1996 "GET /api/check-account-status/ HTTP/1.1" 200 62
INFO 2025-11-12 12:00:42,630 basehttp 7644 5204 "GET /api/check-account-status/ HTTP/1.1" 200 62
INFO 2025-11-12 12:00:44,404 basehttp 7644 5204 "GET /api/check-account-status/ HTTP/1.1" 200 62
INFO 2025-11-12 12:00:45,599 basehttp 7644 1996 "GET /api/check-account-status/ HTTP/1.1" 200 62
INFO 2025-11-12 12:00:46,178 basehttp 7644 5204 "GET /api/check-account-status/ HTTP/1.1" 200 62
INFO 2025-11-12 12:00:47,781 basehttp 7644 1996 "GET /api/check-account-status/ HTTP/1.1" 200 62
INFO 2025-11-12 12:00:47,954 basehttp 7644 5204 "GET /api/check-account-status/ HTTP/1.1" 200 62
INFO 2025-11-12 12:00:49,612 basehttp 7644 1996 "GET /api/check-account-status/ HTTP/1.1" 200 62
INFO 2025-11-12 12:00:49,722 basehttp 7644 5204 "GET /api/check-account-status/ HTTP/1.1" 200 62
INFO 2025-11-12 12:00:51,492 basehttp 7644 5204 "GET /api/check-account-status/ HTTP/1.1" 200 62
INFO 2025-11-12 12:00:52,611 basehttp 7644 1996 "GET /api/check-account-status/ HTTP/1.1" 200 62
INFO 2025-11-12 12:00:53,269 basehttp 7644 5204 "GET /api/check-account-status/ HTTP/1.1" 200 62
INFO 2025-11-12 12:00:54,594 basehttp 7644 1996 "GET /api/check-account-status/ HTTP/1.1" 200 62
INFO 2025-11-12 12:00:55,051 basehttp 7644 5204 "GET /api/check-account-status/ HTTP/1.1" 200 62
INFO 2025-11-12 12:00:56,830 basehttp 7644 5204 "GET /api/check-account-status/ HTTP/1.1" 200 62
INFO 2025-11-12 12:00:56,864 basehttp 7644 1996 "GET /api/check-account-status/ HTTP/1.1" 200 62
INFO 2025-11-12 12:00:58,607 basehttp 7644 5204 "GET /api/check-account-status/ HTTP/1.1" 200 62
INFO 2025-11-12 12:00:59,438 basehttp 7644 7072 "GET /api/check-account-status/ HTTP/1.1" 200 62
INFO 2025-11-12 12:01:00,391 basehttp 7644 5204 "GET /api/check-account-status/ HTTP/1.1" 200 62
INFO 2025-11-12 12:01:01,477 basehttp 7644 7072 "GET /api/check-account-status/ HTTP/1.1" 200 62
INFO 2025-11-12 12:01:02,169 basehttp 7644 5204 "GET /api/check-account-status/ HTTP/1.1" 200 62
INFO 2025-11-12 12:01:03,475 basehttp 7644 7072 "GET /api/check-account-status/ HTTP/1.1" 200 62
INFO 2025-11-12 12:01:03,943 basehttp 7644 5204 "GET /api/check-account-status/ HTTP/1.1" 200 62
INFO 2025-11-12 12:01:05,725 basehttp 7644 5204 "GET /api/check-account-status/ HTTP/1.1" 200 62
INFO 2025-11-12 12:01:06,485 basehttp 7644 7072 "GET /api/check-account-status/ HTTP/1.1" 200 62
INFO 2025-11-12 12:01:07,514 basehttp 7644 5204 "GET /api/check-account-status/ HTTP/1.1" 200 62
INFO 2025-11-12 12:01:09,294 basehttp 7644 5204 "GET /api/check-account-status/ HTTP/1.1" 200 62
INFO 2025-11-12 12:01:09,480 basehttp 7644 7072 "GET /api/check-account-status/ HTTP/1.1" 200 62
INFO 2025-11-12 12:01:11,070 basehttp 7644 5204 "GET /api/check-account-status/ HTTP/1.1" 200 62
INFO 2025-11-12 12:01:12,001 basehttp 7644 24760 "GET /api/check-account-status/ HTTP/1.1" 200 62
INFO 2025-11-12 12:01:12,474 basehttp 7644 7072 "GET /api/check-account-status/ HTTP/1.1" 200 62
INFO 2025-11-12 12:01:12,840 basehttp 7644 5204 "GET /api/check-account-status/ HTTP/1.1" 200 62
INFO 2025-11-12 12:01:14,614 basehttp 7644 5204 "GET /api/check-account-status/ HTTP/1.1" 200 62
INFO 2025-11-12 12:01:15,472 basehttp 7644 7072 "GET /api/check-account-status/ HTTP/1.1" 200 62
INFO 2025-11-12 12:01:16,116 basehttp 7644 24760 "GET /api/check-account-status/ HTTP/1.1" 200 62
INFO 2025-11-12 12:01:16,383 basehttp 7644 5204 "GET /api/check-account-status/ HTTP/1.1" 200 62
INFO 2025-11-12 12:01:18,151 basehttp 7644 5204 "GET /api/check-account-status/ HTTP/1.1" 200 62
INFO 2025-11-12 12:01:19,004 basehttp 7644 24760 "GET /api/check-account-status/ HTTP/1.1" 200 62
INFO 2025-11-12 12:01:19,920 basehttp 7644 5204 "GET /api/check-account-status/ HTTP/1.1" 200 62
INFO 2025-11-12 12:01:21,694 basehttp 7644 5204 "GET /api/check-account-status/ HTTP/1.1" 200 62
INFO 2025-11-12 12:01:23,463 basehttp 7644 5204 "GET /api/check-account-status/ HTTP/1.1" 200 62
INFO 2025-11-12 12:01:25,013 basehttp 7644 24760 "GET /api/check-account-status/ HTTP/1.1" 200 62
INFO 2025-11-12 12:01:25,233 basehttp 7644 5204 "GET /api/check-account-status/ HTTP/1.1" 200 62
INFO 2025-11-12 12:01:27,002 basehttp 7644 5204 "GET /api/check-account-status/ HTTP/1.1" 200 62
INFO 2025-11-12 12:01:27,483 basehttp 7644 24760 "GET /api/check-account-status/ HTTP/1.1" 200 62
INFO 2025-11-12 12:01:27,967 basehttp 7644 7072 "GET /api/check-account-status/ HTTP/1.1" 200 62
INFO 2025-11-12 12:01:28,772 basehttp 7644 5204 "GET /api/check-account-status/ HTTP/1.1" 200 62
INFO 2025-11-12 12:01:30,556 basehttp 7644 5204 "GET /api/check-account-status/ HTTP/1.1" 200 62
INFO 2025-11-12 12:01:31,457 basehttp 7644 7072 "GET /api/check-account-status/ HTTP/1.1" 200 62
INFO 2025-11-12 12:01:32,327 basehttp 7644 5204 "GET /api/check-account-status/ HTTP/1.1" 200 62
INFO 2025-11-12 12:01:33,472 basehttp 7644 7072 "GET /api/check-account-status/ HTTP/1.1" 200 62
INFO 2025-11-12 12:01:34,135 basehttp 7644 5204 "GET /api/check-account-status/ HTTP/1.1" 200 62
INFO 2025-11-12 12:01:35,905 basehttp 7644 5204 "GET /api/check-account-status/ HTTP/1.1" 200 62
INFO 2025-11-12 12:01:36,465 basehttp 7644 7072 "GET /api/check-account-status/ HTTP/1.1" 200 62
INFO 2025-11-12 12:01:37,488 basehttp 7644 24760 "GET /api/check-account-status/ HTTP/1.1" 200 62
INFO 2025-11-12 12:01:37,676 basehttp 7644 5204 "GET /api/check-account-status/ HTTP/1.1" 200 62
INFO 2025-11-12 12:01:39,447 basehttp 7644 5204 "GET /api/check-account-status/ HTTP/1.1" 200 62
INFO 2025-11-12 12:01:40,480 basehttp 7644 24760 "GET /api/check-account-status/ HTTP/1.1" 200 62
INFO 2025-11-12 12:01:41,219 basehttp 7644 5204 "GET /api/check-account-status/ HTTP/1.1" 200 62
INFO 2025-11-12 12:01:42,496 basehttp 7644 24760 "GET /api/check-account-status/ HTTP/1.1" 200 62
INFO 2025-11-12 12:01:42,993 basehttp 7644 5204 "GET /api/check-account-status/ HTTP/1.1" 200 62
INFO 2025-11-12 12:01:44,771 basehttp 7644 5204 "GET /api/check-account-status/ HTTP/1.1" 200 62
INFO 2025-11-12 12:01:45,496 basehttp 7644 24760 "GET /api/check-account-status/ HTTP/1.1" 200 62
INFO 2025-11-12 12:01:46,541 basehttp 7644 5204 "GET /api/check-account-status/ HTTP/1.1" 200 62
INFO 2025-11-12 12:01:48,310 basehttp 7644 5204 "GET /api/check-account-status/ HTTP/1.1" 200 62
INFO 2025-11-12 12:01:48,492 basehttp 7644 24760 "GET /api/check-account-status/ HTTP/1.1" 200 62
INFO 2025-11-12 12:01:50,081 basehttp 7644 5204 "GET /api/check-account-status/ HTTP/1.1" 200 62
INFO 2025-11-12 12:01:51,195 basehttp 7644 17516 "GET /api/check-account-status/ HTTP/1.1" 200 62
INFO 2025-11-12 12:01:51,853 basehttp 7644 5204 "GET /api/check-account-status/ HTTP/1.1" 200 62
INFO 2025-11-12 12:01:52,960 basehttp 7644 3684 "GET /api/check-account-status/ HTTP/1.1" 200 62
INFO 2025-11-12 12:01:53,629 basehttp 7644 5204 "GET /api/check-account-status/ HTTP/1.1" 200 62
INFO 2025-11-12 12:01:54,573 basehttp 7644 17516 "GET /api/check-account-status/ HTTP/1.1" 200 62
INFO 2025-11-12 12:01:55,398 basehttp 7644 5204 "GET /api/check-account-status/ HTTP/1.1" 200 62
INFO 2025-11-12 12:01:57,181 basehttp 7644 5204 "GET /api/check-account-status/ HTTP/1.1" 200 62
INFO 2025-11-12 12:01:57,570 basehttp 7644 17516 "GET /api/check-account-status/ HTTP/1.1" 200 62
INFO 2025-11-12 12:01:58,481 basehttp 7644 3684 "GET /api/check-account-status/ HTTP/1.1" 200 62
INFO 2025-11-12 12:01:58,955 basehttp 7644 5204 "GET /api/check-account-status/ HTTP/1.1" 200 62
INFO 2025-11-12 12:02:00,721 basehttp 7644 5204 "GET /api/check-account-status/ HTTP/1.1" 200 62
INFO 2025-11-12 12:02:02,502 basehttp 7644 5204 "GET /api/check-account-status/ HTTP/1.1" 200 62
INFO 2025-11-12 12:02:04,286 basehttp 7644 5204 "GET /api/check-account-status/ HTTP/1.1" 200 62
INFO 2025-11-12 12:02:06,059 basehttp 7644 5204 "GET /api/check-account-status/ HTTP/1.1" 200 62
INFO 2025-11-12 12:02:07,834 basehttp 7644 5204 "GET /api/check-account-status/ HTTP/1.1" 200 62
INFO 2025-11-12 12:02:09,358 basehttp 7644 17440 "GET /api/check-account-status/ HTTP/1.1" 200 62
INFO 2025-11-12 12:02:09,613 basehttp 7644 5204 "GET /api/check-account-status/ HTTP/1.1" 200 62
INFO 2025-11-12 12:02:11,386 basehttp 7644 5204 "GET /api/check-account-status/ HTTP/1.1" 200 62
INFO 2025-11-12 12:02:13,171 basehttp 7644 5204 "GET /api/check-account-status/ HTTP/1.1" 200 62
INFO 2025-11-12 12:02:13,677 basehttp 7644 16588 "GET /report/ HTTP/1.1" 200 46831
WARNING 2025-11-12 12:02:13,767 basehttp 7644 17440 "GET /static/js/ready.js HTTP/1.1" 404 1792
INFO 2025-11-12 12:02:14,969 basehttp 7644 5204 - Broken pipe from ('127.0.0.1', 52076)
INFO 2025-11-12 12:02:15,429 basehttp 7644 16588 "GET /api/check-account-status/ HTTP/1.1" 200 62
INFO 2025-11-12 12:02:17,149 basehttp 7644 16588 "GET /api/check-account-status/ HTTP/1.1" 200 62
INFO 2025-11-12 12:02:18,867 basehttp 7644 16588 "GET /api/check-account-status/ HTTP/1.1" 200 62
INFO 2025-11-12 12:02:20,580 basehttp 7644 16588 "GET /api/check-account-status/ HTTP/1.1" 200 62
INFO 2025-11-12 12:02:22,297 basehttp 7644 16588 "GET /api/check-account-status/ HTTP/1.1" 200 62
INFO 2025-11-12 12:02:24,016 basehttp 7644 16588 "GET /api/check-account-status/ HTTP/1.1" 200 62
INFO 2025-11-12 12:02:25,731 basehttp 7644 16588 "GET /api/check-account-status/ HTTP/1.1" 200 62
INFO 2025-11-12 12:02:27,455 basehttp 7644 16588 "GET /api/check-account-status/ HTTP/1.1" 200 62
INFO 2025-11-12 12:02:29,177 basehttp 7644 16588 "GET /api/check-account-status/ HTTP/1.1" 200 62
INFO 2025-11-12 12:02:30,893 basehttp 7644 16588 "GET /api/check-account-status/ HTTP/1.1" 200 62
INFO 2025-11-12 12:02:32,610 basehttp 7644 16588 "GET /api/check-account-status/ HTTP/1.1" 200 62
INFO 2025-11-12 12:02:34,498 basehttp 7644 16588 "GET /api/check-account-status/ HTTP/1.1" 200 62
INFO 2025-11-12 12:02:37,501 basehttp 7644 16588 "GET /api/check-account-status/ HTTP/1.1" 200 62
INFO 2025-11-12 12:02:39,222 basehttp 7644 16588 "GET /api/check-account-status/ HTTP/1.1" 200 62
INFO 2025-11-12 12:02:40,935 basehttp 7644 16588 "GET /api/check-account-status/ HTTP/1.1" 200 62
INFO 2025-11-12 12:02:42,650 basehttp 7644 16588 "GET /api/check-account-status/ HTTP/1.1" 200 62
INFO 2025-11-12 12:02:44,362 basehttp 7644 16588 "GET /api/check-account-status/ HTTP/1.1" 200 62
INFO 2025-11-12 12:02:46,076 basehttp 7644 16588 "GET /api/check-account-status/ HTTP/1.1" 200 62
INFO 2025-11-12 12:02:49,514 basehttp 7644 16588 "GET /api/check-account-status/ HTTP/1.1" 200 62
INFO 2025-11-12 12:02:51,497 basehttp 7644 16588 "GET /api/check-account-status/ HTTP/1.1" 200 62
INFO 2025-11-12 12:02:55,494 basehttp 7644 16588 "GET /api/check-account-status/ HTTP/1.1" 200 62
INFO 2025-11-12 12:02:57,510 basehttp 7644 16588 "GET /api/check-account-status/ HTTP/1.1" 200 62
INFO 2025-11-12 12:03:02,962 basehttp 7644 12116 "GET /api/check-account-status/ HTTP/1.1" 200 62
INFO 2025-11-12 12:03:04,654 basehttp 7644 12116 "GET /api/check-account-status/ HTTP/1.1" 200 62
INFO 2025-11-12 12:03:07,469 basehttp 7644 12116 "GET /api/check-account-status/ HTTP/1.1" 200 62
INFO 2025-11-12 12:03:09,477 basehttp 7644 12116 "GET /api/check-account-status/ HTTP/1.1" 200 62
INFO 2025-11-12 12:03:13,477 basehttp 7644 12116 "GET /api/check-account-status/ HTTP/1.1" 200 62
INFO 2025-11-12 12:03:15,480 basehttp 7644 12116 "GET /api/check-account-status/ HTTP/1.1" 200 62
INFO 2025-11-12 12:03:27,132 autoreload 20504 20756 C:\Users\ASUS\OneDrive\Desktop\capstone\Inventory-and-Sales-Management-System-for-Reals-Food-Products\projectsite\realsproj\views.py changed, reloading.
INFO 2025-11-12 12:03:27,652 autoreload 7644 440 C:\Users\ASUS\OneDrive\Desktop\capstone\Inventory-and-Sales-Management-System-for-Reals-Food-Products\projectsite\realsproj\views.py changed, reloading.
INFO 2025-11-12 12:03:30,226 autoreload 22540 10540 Watching for file changes with StatReloader
INFO 2025-11-12 12:03:30,578 autoreload 20968 14120 Watching for file changes with StatReloader
INFO 2025-11-12 12:03:39,111 basehttp 22540 10544 "GET /api/check-account-status/ HTTP/1.1" 200 62
INFO 2025-11-12 12:03:40,957 basehttp 22540 10544 "GET /api/check-account-status/ HTTP/1.1" 200 62
INFO 2025-11-12 12:03:42,727 basehttp 22540 10544 "GET /api/check-account-status/ HTTP/1.1" 200 62
INFO 2025-11-12 12:03:49,083 basehttp 22540 10544 "GET /api/check-account-status/ HTTP/1.1" 200 62
INFO 2025-11-12 12:03:53,050 basehttp 22540 24016 "GET /api/check-account-status/ HTTP/1.1" 200 62
INFO 2025-11-12 12:03:53,503 basehttp 22540 15572 "GET /report/ HTTP/1.1" 200 46831
WARNING 2025-11-12 12:03:53,737 basehttp 22540 23120 "GET /static/js/ready.js HTTP/1.1" 404 1792
INFO 2025-11-12 12:03:54,768 basehttp 22540 24016 - Broken pipe from ('127.0.0.1', 52085)
INFO 2025-11-12 12:03:55,261 basehttp 22540 15572 "GET /api/check-account-status/ HTTP/1.1" 200 62
INFO 2025-11-12 12:03:56,797 basehttp 22540 6832 "GET /financial-loss/ HTTP/1.1" 200 56216
WARNING 2025-11-12 12:03:56,870 basehttp 22540 6832 "GET /static/js/ready.js HTTP/1.1" 404 1792
INFO 2025-11-12 12:03:57,008 basehttp 22540 15572 "GET /api/check-account-status/ HTTP/1.1" 200 62
INFO 2025-11-12 12:03:58,777 basehttp 22540 15572 "GET /api/check-account-status/ HTTP/1.1" 200 62
INFO 2025-11-12 12:04:00,510 basehttp 22540 15572 "GET /api/check-account-status/ HTTP/1.1" 200 62
INFO 2025-11-12 12:04:00,527 basehttp 22540 11100 "GET /salesexpenses/ HTTP/1.1" 200 98938
WARNING 2025-11-12 12:04:00,609 basehttp 22540 11100 "GET /static/js/ready.js HTTP/1.1" 404 1792
INFO 2025-11-12 12:04:02,243 basehttp 22540 15572 "GET /api/check-account-status/ HTTP/1.1" 200 62
INFO 2025-11-12 12:04:03,980 basehttp 22540 15572 "GET /api/check-account-status/ HTTP/1.1" 200 62
INFO 2025-11-12 12:04:05,700 basehttp 22540 15572 "GET /api/check-account-status/ HTTP/1.1" 200 62
INFO 2025-11-12 12:04:07,417 basehttp 22540 15572 "GET /api/check-account-status/ HTTP/1.1" 200 62
INFO 2025-11-12 12:04:09,129 basehttp 22540 15572 "GET /api/check-account-status/ HTTP/1.1" 200 62
INFO 2025-11-12 12:04:10,843 basehttp 22540 15572 "GET /api/check-account-status/ HTTP/1.1" 200 62
INFO 2025-11-12 12:04:12,557 basehttp 22540 15572 "GET /api/check-account-status/ HTTP/1.1" 200 62
INFO 2025-11-12 12:04:14,268 basehttp 22540 15572 "GET /api/check-account-status/ HTTP/1.1" 200 62
INFO 2025-11-12 12:04:15,983 basehttp 22540 15572 "GET /api/check-account-status/ HTTP/1.1" 200 62
INFO 2025-11-12 12:04:17,693 basehttp 22540 15572 "GET /api/check-account-status/ HTTP/1.1" 200 62
INFO 2025-11-12 12:04:19,406 basehttp 22540 15572 "GET /api/check-account-status/ HTTP/1.1" 200 62
INFO 2025-11-12 12:04:21,116 basehttp 22540 15572 "GET /api/check-account-status/ HTTP/1.1" 200 62
INFO 2025-11-12 12:04:22,826 basehttp 22540 15572 "GET /api/check-account-status/ HTTP/1.1" 200 62
INFO 2025-11-12 12:04:24,537 basehttp 22540 15572 "GET /api/check-account-status/ HTTP/1.1" 200 62
INFO 2025-11-12 12:04:26,249 basehttp 22540 15572 "GET /api/check-account-status/ HTTP/1.1" 200 62
INFO 2025-11-12 12:04:27,962 basehttp 22540 15572 "GET /api/check-account-status/ HTTP/1.1" 200 62
INFO 2025-11-12 12:04:29,679 basehttp 22540 15572 "GET /api/check-account-status/ HTTP/1.1" 200 62
INFO 2025-11-12 12:04:31,401 basehttp 22540 15572 "GET /api/check-account-status/ HTTP/1.1" 200 62
INFO 2025-11-12 12:04:32,330 basehttp 22540 21648 "GET /api/check-account-status/ HTTP/1.1" 200 62
INFO 2025-11-12 12:04:33,019 basehttp 22540 1452 "GET /api/check-account-status/ HTTP/1.1" 200 62
INFO 2025-11-12 12:04:33,119 basehttp 22540 15572 "GET /api/check-account-status/ HTTP/1.1" 200 62
INFO 2025-11-12 12:04:34,145 autoreload 20968 14120 C:\Users\ASUS\OneDrive\Desktop\capstone\Inventory-and-Sales-Management-System-for-Reals-Food-Products\projectsite\realsproj\views.py changed, reloading.
INFO 2025-11-12 12:04:34,395 autoreload 22540 10540 C:\Users\ASUS\OneDrive\Desktop\capstone\Inventory-and-Sales-Management-System-for-Reals-Food-Products\projectsite\realsproj\views.py changed, reloading.
INFO 2025-11-12 12:04:36,014 autoreload 8116 11260 Watching for file changes with StatReloader
INFO 2025-11-12 12:04:36,442 autoreload 17008 2488 Watching for file changes with StatReloader
INFO 2025-11-12 12:04:42,480 basehttp 8116 7432 "GET /api/check-account-status/ HTTP/1.1" 200 62
INFO 2025-11-12 12:04:42,541 basehttp 8116 24376 "GET /api/check-account-status/ HTTP/1.1" 200 62
INFO 2025-11-12 12:04:42,871 basehttp 8116 5412 "GET /api/check-account-status/ HTTP/1.1" 200 62
INFO 2025-11-12 12:04:44,021 basehttp 8116 9180 "GET /api/check-account-status/ HTTP/1.1" 200 62
INFO 2025-11-12 12:04:44,198 basehttp 8116 7432 "GET /api/check-account-status/ HTTP/1.1" 200 62
INFO 2025-11-12 12:04:44,218 basehttp 8116 5184 "GET /api/check-account-status/ HTTP/1.1" 200 62
INFO 2025-11-12 12:04:44,258 basehttp 8116 24376 "GET /api/check-account-status/ HTTP/1.1" 200 62
INFO 2025-11-12 12:04:44,938 basehttp 8116 6204 "GET /api/check-account-status/ HTTP/1.1" 200 62
INFO 2025-11-12 12:04:45,643 basehttp 8116 5412 "GET /api/check-account-status/ HTTP/1.1" 200 62
INFO 2025-11-12 12:04:45,743 basehttp 8116 9180 "GET /api/check-account-status/ HTTP/1.1" 200 62
INFO 2025-11-12 12:04:45,975 basehttp 8116 24376 "GET /api/check-account-status/ HTTP/1.1" 200 62
INFO 2025-11-12 12:04:47,691 basehttp 8116 24376 "GET /api/check-account-status/ HTTP/1.1" 200 62
INFO 2025-11-12 12:04:48,743 basehttp 8116 9180 "GET /api/check-account-status/ HTTP/1.1" 200 62
INFO 2025-11-12 12:04:49,408 basehttp 8116 24376 "GET /api/check-account-status/ HTTP/1.1" 200 62
INFO 2025-11-12 12:04:49,545 basehttp 8116 5412 "GET /api/check-account-status/ HTTP/1.1" 200 62
INFO 2025-11-12 12:04:51,125 basehttp 8116 24376 "GET /api/check-account-status/ HTTP/1.1" 200 62
INFO 2025-11-12 12:04:51,814 basehttp 8116 5412 "GET /api/check-account-status/ HTTP/1.1" 200 62
INFO 2025-11-12 12:04:52,844 basehttp 8116 24376 "GET /api/check-account-status/ HTTP/1.1" 200 62
INFO 2025-11-12 12:04:53,129 basehttp 8116 6204 "GET /api/check-account-status/ HTTP/1.1" 200 62
INFO 2025-11-12 12:04:54,552 basehttp 8116 5412 "GET /api/check-account-status/ HTTP/1.1" 200 62
INFO 2025-11-12 12:04:54,572 basehttp 8116 24376 "GET /api/check-account-status/ HTTP/1.1" 200 62
INFO 2025-11-12 12:04:55,496 basehttp 8116 6204 "GET /api/check-account-status/ HTTP/1.1" 200 62
INFO 2025-11-12 12:04:56,336 basehttp 8116 24376 "GET /api/check-account-status/ HTTP/1.1" 200 62
INFO 2025-11-12 12:04:57,201 basehttp 8116 12860 "GET /api/check-account-status/ HTTP/1.1" 200 62
INFO 2025-11-12 12:04:57,747 basehttp 8116 9180 "GET /salesexpenses/ HTTP/1.1" 200 98938
WARNING 2025-11-12 12:04:58,230 basehttp 8116 9180 "GET /static/js/ready.js HTTP/1.1" 404 1792
INFO 2025-11-12 12:04:58,380 basehttp 8116 24376 "GET /api/check-account-status/ HTTP/1.1" 200 62
INFO 2025-11-12 12:04:58,858 basehttp 8116 6204 - Broken pipe from ('127.0.0.1', 55930)
INFO 2025-11-12 12:04:59,136 basehttp 8116 5412 "GET /api/check-account-status/ HTTP/1.1" 200 62
INFO 2025-11-12 12:05:00,152 basehttp 8116 24376 "GET /api/check-account-status/ HTTP/1.1" 200 62
INFO 2025-11-12 12:05:00,790 basehttp 8116 12860 "GET /api/check-account-status/ HTTP/1.1" 200 62
INFO 2025-11-12 12:05:01,572 basehttp 8116 5412 "GET /api/check-account-status/ HTTP/1.1" 200 62
INFO 2025-11-12 12:05:01,884 basehttp 8116 24376 "GET /api/check-account-status/ HTTP/1.1" 200 62
INFO 2025-11-12 12:05:03,647 basehttp 8116 24376 "GET /api/check-account-status/ HTTP/1.1" 200 62
INFO 2025-11-12 12:05:04,890 basehttp 8116 5412 "GET /api/check-account-status/ HTTP/1.1" 200 62
INFO 2025-11-12 12:05:05,629 basehttp 8116 24376 "GET /api/check-account-status/ HTTP/1.1" 200 62
INFO 2025-11-12 12:05:06,862 basehttp 8116 5412 "GET /api/check-account-status/ HTTP/1.1" 200 62
INFO 2025-11-12 12:05:07,385 basehttp 8116 24376 "GET /api/check-account-status/ HTTP/1.1" 200 62
INFO 2025-11-12 12:05:08,460 basehttp 8116 5740 "GET /api/check-account-status/ HTTP/1.1" 200 62
INFO 2025-11-12 12:05:09,125 basehttp 8116 24376 "GET /api/check-account-status/ HTTP/1.1" 200 62
INFO 2025-11-12 12:05:10,578 basehttp 8116 5740 "GET /api/check-account-status/ HTTP/1.1" 200 62
INFO 2025-11-12 12:05:10,844 basehttp 8116 24376 "GET /api/check-account-status/ HTTP/1.1" 200 62
INFO 2025-11-12 12:05:12,568 basehttp 8116 24376 "GET /api/check-account-status/ HTTP/1.1" 200 62
INFO 2025-11-12 12:05:13,341 basehttp 8116 5412 "GET /salesexpenses/?month=2025-08 HTTP/1.1" 200 113062
WARNING 2025-11-12 12:05:13,466 basehttp 8116 5412 "GET /static/js/ready.js HTTP/1.1" 404 1792
INFO 2025-11-12 12:05:13,592 basehttp 8116 5740 "GET /api/check-account-status/ HTTP/1.1" 200 62
INFO 2025-11-12 12:05:14,299 basehttp 8116 24376 "GET /api/check-account-status/ HTTP/1.1" 200 62
INFO 2025-11-12 12:05:16,023 basehttp 8116 24376 "GET /api/check-account-status/ HTTP/1.1" 200 62
INFO 2025-11-12 12:05:17,738 basehttp 8116 24376 "GET /api/check-account-status/ HTTP/1.1" 200 62
INFO 2025-11-12 12:05:18,590 basehttp 8116 3592 "GET /api/check-account-status/ HTTP/1.1" 200 62
INFO 2025-11-12 12:05:19,522 basehttp 8116 24376 "GET /api/check-account-status/ HTTP/1.1" 200 62
INFO 2025-11-12 12:05:21,238 basehttp 8116 24376 "GET /api/check-account-status/ HTTP/1.1" 200 62
INFO 2025-11-12 12:05:22,967 basehttp 8116 24376 "GET /api/check-account-status/ HTTP/1.1" 200 62
INFO 2025-11-12 12:05:23,832 basehttp 8116 19148 "GET /salesexpenses/?show_all=1 HTTP/1.1" 200 113058
WARNING 2025-11-12 12:05:23,915 basehttp 8116 19148 "GET /static/js/ready.js HTTP/1.1" 404 1792
INFO 2025-11-12 12:05:24,779 basehttp 8116 24376 "GET /api/check-account-status/ HTTP/1.1" 200 62
INFO 2025-11-12 12:05:26,498 basehttp 8116 24376 "GET /api/check-account-status/ HTTP/1.1" 200 62
INFO 2025-11-12 12:05:28,285 basehttp 8116 24376 "GET /api/check-account-status/ HTTP/1.1" 200 62
INFO 2025-11-12 12:05:30,005 basehttp 8116 24376 "GET /api/check-account-status/ HTTP/1.1" 200 62
INFO 2025-11-12 12:05:31,737 basehttp 8116 24376 "GET /api/check-account-status/ HTTP/1.1" 200 62
INFO 2025-11-12 12:05:33,454 basehttp 8116 24376 "GET /api/check-account-status/ HTTP/1.1" 200 62
INFO 2025-11-12 12:05:35,170 basehttp 8116 24376 "GET /api/check-account-status/ HTTP/1.1" 200 62
INFO 2025-11-12 12:05:36,671 basehttp 8116 22416 "GET /report/ HTTP/1.1" 200 47439
WARNING 2025-11-12 12:05:36,763 basehttp 8116 22416 "GET /static/js/ready.js HTTP/1.1" 404 1792
INFO 2025-11-12 12:05:36,893 basehttp 8116 24376 "GET /api/check-account-status/ HTTP/1.1" 200 62
INFO 2025-11-12 12:05:38,615 basehttp 8116 24376 "GET /api/check-account-status/ HTTP/1.1" 200 62
INFO 2025-11-12 12:05:40,338 basehttp 8116 24376 "GET /api/check-account-status/ HTTP/1.1" 200 62
INFO 2025-11-12 12:05:42,054 basehttp 8116 24376 "GET /api/check-account-status/ HTTP/1.1" 200 62
INFO 2025-11-12 12:05:43,776 basehttp 8116 24376 "GET /api/check-account-status/ HTTP/1.1" 200 62
INFO 2025-11-12 12:05:45,493 basehttp 8116 24376 "GET /api/check-account-status/ HTTP/1.1" 200 62
INFO 2025-11-12 12:05:47,211 basehttp 8116 24376 "GET /api/check-account-status/ HTTP/1.1" 200 62
INFO 2025-11-12 12:05:48,932 basehttp 8116 24376 "GET /api/check-account-status/ HTTP/1.1" 200 62
INFO 2025-11-12 12:05:50,654 basehttp 8116 24376 "GET /api/check-account-status/ HTTP/1.1" 200 62
INFO 2025-11-12 12:05:52,376 basehttp 8116 24376 "GET /api/check-account-status/ HTTP/1.1" 200 62
INFO 2025-11-12 12:05:54,096 basehttp 8116 24376 "GET /api/check-account-status/ HTTP/1.1" 200 62
INFO 2025-11-12 12:05:55,871 basehttp 8116 24376 "GET /api/check-account-status/ HTTP/1.1" 200 62
INFO 2025-11-12 12:05:57,590 basehttp 8116 24376 "GET /api/check-account-status/ HTTP/1.1" 200 62
INFO 2025-11-12 12:05:59,490 basehttp 8116 24376 "GET /api/check-account-status/ HTTP/1.1" 200 62
INFO 2025-11-12 12:06:01,206 basehttp 8116 24376 "GET /api/check-account-status/ HTTP/1.1" 200 62
INFO 2025-11-12 12:06:02,925 basehttp 8116 24376 "GET /api/check-account-status/ HTTP/1.1" 200 62
INFO 2025-11-12 12:06:04,642 basehttp 8116 24376 "GET /api/check-account-status/ HTTP/1.1" 200 62
INFO 2025-11-12 12:06:06,100 basehttp 8116 13500 "GET /api/check-account-status/ HTTP/1.1" 200 62
INFO 2025-11-12 12:06:06,358 basehttp 8116 24376 "GET /api/check-account-status/ HTTP/1.1" 200 62
INFO 2025-11-12 12:06:08,094 basehttp 8116 24376 "GET /api/check-account-status/ HTTP/1.1" 200 62
INFO 2025-11-12 12:06:09,692 basehttp 8116 13500 "GET /api/check-account-status/ HTTP/1.1" 200 62
INFO 2025-11-12 12:06:09,811 basehttp 8116 24376 "GET /api/check-account-status/ HTTP/1.1" 200 62
INFO 2025-11-12 12:06:11,526 basehttp 8116 24376 "GET /api/check-account-status/ HTTP/1.1" 200 62
INFO 2025-11-12 12:06:11,539 basehttp 8116 13500 "GET /api/check-account-status/ HTTP/1.1" 200 62
INFO 2025-11-12 12:06:13,243 basehttp 8116 24376 "GET /api/check-account-status/ HTTP/1.1" 200 62
INFO 2025-11-12 12:06:14,557 basehttp 8116 13500 "GET /api/check-account-status/ HTTP/1.1" 200 62
INFO 2025-11-12 12:06:14,969 basehttp 8116 24376 "GET /api/check-account-status/ HTTP/1.1" 200 62
INFO 2025-11-12 12:06:16,585 basehttp 8116 13500 "GET /api/check-account-status/ HTTP/1.1" 200 62
INFO 2025-11-12 12:06:16,686 basehttp 8116 24376 "GET /api/check-account-status/ HTTP/1.1" 200 62
INFO 2025-11-12 12:06:18,407 basehttp 8116 24376 "GET /api/check-account-status/ HTTP/1.1" 200 62
INFO 2025-11-12 12:06:19,539 basehttp 8116 13500 "GET /api/check-account-status/ HTTP/1.1" 200 62
INFO 2025-11-12 12:06:20,121 basehttp 8116 24376 "GET /api/check-account-status/ HTTP/1.1" 200 62
INFO 2025-11-12 12:06:21,012 basehttp 8116 14748 "GET /api/check-account-status/ HTTP/1.1" 200 62
INFO 2025-11-12 12:06:21,847 basehttp 8116 24376 "GET /api/check-account-status/ HTTP/1.1" 200 62
INFO 2025-11-12 12:06:23,522 basehttp 8116 13500 "GET /api/check-account-status/ HTTP/1.1" 200 62
INFO 2025-11-12 12:06:23,564 basehttp 8116 24376 "GET /api/check-account-status/ HTTP/1.1" 200 62
INFO 2025-11-12 12:06:25,280 basehttp 8116 24376 "GET /api/check-account-status/ HTTP/1.1" 200 62
INFO 2025-11-12 12:06:25,845 basehttp 8116 14748 "GET /financial-loss/?product_show_all=1 HTTP/1.1" 200 56208
WARNING 2025-11-12 12:06:25,943 basehttp 8116 14748 "GET /static/js/ready.js HTTP/1.1" 404 1792
INFO 2025-11-12 12:06:26,694 basehttp 8116 22228 "GET /api/check-account-status/ HTTP/1.1" 200 62
INFO 2025-11-12 12:06:27,001 basehttp 8116 24376 "GET /api/check-account-status/ HTTP/1.1" 200 62
INFO 2025-11-12 12:06:28,580 basehttp 8116 22228 "GET /api/check-account-status/ HTTP/1.1" 200 62
INFO 2025-11-12 12:06:28,712 basehttp 8116 24376 "GET /api/check-account-status/ HTTP/1.1" 200 62
INFO 2025-11-12 12:06:30,436 basehttp 8116 24376 "GET /api/check-account-status/ HTTP/1.1" 200 62
INFO 2025-11-12 12:06:31,530 basehttp 8116 13500 "GET /api/check-account-status/ HTTP/1.1" 200 62
INFO 2025-11-12 12:06:31,580 basehttp 8116 22228 "GET /api/check-account-status/ HTTP/1.1" 200 62
INFO 2025-11-12 12:06:32,154 basehttp 8116 24376 "GET /api/check-account-status/ HTTP/1.1" 200 62
INFO 2025-11-12 12:06:33,873 basehttp 8116 24376 "GET /api/check-account-status/ HTTP/1.1" 200 62
INFO 2025-11-12 12:06:35,544 basehttp 8116 13500 "GET /api/check-account-status/ HTTP/1.1" 200 62
INFO 2025-11-12 12:06:35,595 basehttp 8116 24376 "GET /api/check-account-status/ HTTP/1.1" 200 62
INFO 2025-11-12 12:06:37,321 basehttp 8116 24376 "GET /api/check-account-status/ HTTP/1.1" 200 62
INFO 2025-11-12 12:06:37,700 basehttp 8116 22228 "GET /financial-loss/? HTTP/1.1" 200 56216
WARNING 2025-11-12 12:06:37,767 basehttp 8116 22228 "GET /static/js/ready.js HTTP/1.1" 404 1792
INFO 2025-11-12 12:06:38,525 basehttp 8116 13500 "GET /api/check-account-status/ HTTP/1.1" 200 62
INFO 2025-11-12 12:06:39,042 basehttp 8116 24376 "GET /api/check-account-status/ HTTP/1.1" 200 62
INFO 2025-11-12 12:06:40,536 basehttp 8116 13500 "GET /api/check-account-status/ HTTP/1.1" 200 62
INFO 2025-11-12 12:06:40,758 basehttp 8116 24376 "GET /api/check-account-status/ HTTP/1.1" 200 62
INFO 2025-11-12 12:06:42,050 basehttp 8116 15728 "GET /api/check-account-status/ HTTP/1.1" 200 62
INFO 2025-11-12 12:06:42,493 basehttp 8116 24376 "GET /api/check-account-status/ HTTP/1.1" 200 62
INFO 2025-11-12 12:06:44,219 basehttp 8116 24376 "GET /api/check-account-status/ HTTP/1.1" 200 62
INFO 2025-11-12 12:06:45,771 basehttp 8116 15728 "GET /api/check-account-status/ HTTP/1.1" 200 62
INFO 2025-11-12 12:06:45,937 basehttp 8116 24376 "GET /api/check-account-status/ HTTP/1.1" 200 62
INFO 2025-11-12 12:06:46,547 basehttp 8116 13500 "GET /api/check-account-status/ HTTP/1.1" 200 62
INFO 2025-11-12 12:06:47,657 basehttp 8116 24376 "GET /api/check-account-status/ HTTP/1.1" 200 62
INFO 2025-11-12 12:06:49,412 basehttp 8116 24376 "GET /api/check-account-status/ HTTP/1.1" 200 62
INFO 2025-11-12 12:06:50,550 basehttp 8116 13500 "GET /api/check-account-status/ HTTP/1.1" 200 62
INFO 2025-11-12 12:06:50,693 basehttp 8116 15728 "GET /api/check-account-status/ HTTP/1.1" 200 62
INFO 2025-11-12 12:06:51,139 basehttp 8116 24376 "GET /api/check-account-status/ HTTP/1.1" 200 62
INFO 2025-11-12 12:06:52,531 basehttp 8116 15728 "GET /api/check-account-status/ HTTP/1.1" 200 62
INFO 2025-11-12 12:06:52,857 basehttp 8116 24376 "GET /api/check-account-status/ HTTP/1.1" 200 62
INFO 2025-11-12 12:06:54,575 basehttp 8116 24376 "GET /api/check-account-status/ HTTP/1.1" 200 62
INFO 2025-11-12 12:06:56,295 basehttp 8116 24376 "GET /api/check-account-status/ HTTP/1.1" 200 62
INFO 2025-11-12 12:06:56,703 basehttp 8116 15728 "GET /api/check-account-status/ HTTP/1.1" 200 62
INFO 2025-11-12 12:06:57,535 basehttp 8116 13500 "GET /api/check-account-status/ HTTP/1.1" 200 62
INFO 2025-11-12 12:06:58,019 basehttp 8116 24376 "GET /api/check-account-status/ HTTP/1.1" 200 62
INFO 2025-11-12 12:06:58,534 basehttp 8116 15728 "GET /api/check-account-status/ HTTP/1.1" 200 62
INFO 2025-11-12 12:06:59,538 basehttp 8116 13500 "GET /api/check-account-status/ HTTP/1.1" 200 62
INFO 2025-11-12 12:06:59,769 basehttp 8116 24376 "GET /api/check-account-status/ HTTP/1.1" 200 62
INFO 2025-11-12 12:07:01,533 basehttp 8116 24376 "GET /api/check-account-status/ HTTP/1.1" 200 62
INFO 2025-11-12 12:07:02,530 basehttp 8116 13500 "GET /api/check-account-status/ HTTP/1.1" 200 62
INFO 2025-11-12 12:07:03,254 basehttp 8116 24376 "GET /api/check-account-status/ HTTP/1.1" 200 62
INFO 2025-11-12 12:07:04,986 basehttp 8116 24376 "GET /api/check-account-status/ HTTP/1.1" 200 62
INFO 2025-11-12 12:07:05,527 basehttp 8116 13500 "GET /api/check-account-status/ HTTP/1.1" 200 62
INFO 2025-11-12 12:07:06,710 basehttp 8116 24376 "GET /api/check-account-status/ HTTP/1.1" 200 62
INFO 2025-11-12 12:07:08,430 basehttp 8116 24376 "GET /api/check-account-status/ HTTP/1.1" 200 62
INFO 2025-11-12 12:07:10,150 basehttp 8116 24376 "GET /api/check-account-status/ HTTP/1.1" 200 62
INFO 2025-11-12 12:07:11,542 basehttp 8116 13500 "GET /api/check-account-status/ HTTP/1.1" 200 62
INFO 2025-11-12 12:07:11,869 basehttp 8116 24376 "GET /api/check-account-status/ HTTP/1.1" 200 62
INFO 2025-11-12 12:07:13,595 basehttp 8116 24376 "GET /api/check-account-status/ HTTP/1.1" 200 62
INFO 2025-11-12 12:07:15,344 basehttp 8116 24376 "GET /api/check-account-status/ HTTP/1.1" 200 62
INFO 2025-11-12 12:07:17,083 basehttp 8116 24376 "GET /api/check-account-status/ HTTP/1.1" 200 62
INFO 2025-11-12 12:07:18,799 basehttp 8116 24376 "GET /api/check-account-status/ HTTP/1.1" 200 62
INFO 2025-11-12 12:07:20,513 basehttp 8116 24376 "GET /api/check-account-status/ HTTP/1.1" 200 62
INFO 2025-11-12 12:07:22,044 basehttp 8116 22212 "GET /api/check-account-status/ HTTP/1.1" 200 62
INFO 2025-11-12 12:07:22,233 basehttp 8116 24376 "GET /api/check-account-status/ HTTP/1.1" 200 62
INFO 2025-11-12 12:07:23,960 basehttp 8116 24376 "GET /api/check-account-status/ HTTP/1.1" 200 62
INFO 2025-11-12 12:07:25,680 basehttp 8116 24376 "GET /api/check-account-status/ HTTP/1.1" 200 62
INFO 2025-11-12 12:07:27,437 basehttp 8116 24376 "GET /api/check-account-status/ HTTP/1.1" 200 62
INFO 2025-11-12 12:07:29,158 basehttp 8116 24376 "GET /api/check-account-status/ HTTP/1.1" 200 62
INFO 2025-11-12 12:07:30,880 basehttp 8116 24376 "GET /api/check-account-status/ HTTP/1.1" 200 62
INFO 2025-11-12 12:07:32,595 basehttp 8116 24376 "GET /api/check-account-status/ HTTP/1.1" 200 62
INFO 2025-11-12 12:07:34,314 basehttp 8116 24376 "GET /api/check-account-status/ HTTP/1.1" 200 62
INFO 2025-11-12 12:07:36,034 basehttp 8116 24376 "GET /api/check-account-status/ HTTP/1.1" 200 62
INFO 2025-11-12 12:07:37,753 basehttp 8116 24376 "GET /api/check-account-status/ HTTP/1.1" 200 62
INFO 2025-11-12 12:07:39,474 basehttp 8116 24376 "GET /api/check-account-status/ HTTP/1.1" 200 62
INFO 2025-11-12 12:07:41,200 basehttp 8116 24376 "GET /api/check-account-status/ HTTP/1.1" 200 62
INFO 2025-11-12 12:07:42,919 basehttp 8116 24376 "GET /api/check-account-status/ HTTP/1.1" 200 62
INFO 2025-11-12 12:07:44,636 basehttp 8116 24376 "GET /api/check-account-status/ HTTP/1.1" 200 62
INFO 2025-11-12 12:07:46,384 basehttp 8116 24376 "GET /api/check-account-status/ HTTP/1.1" 200 62
INFO 2025-11-12 12:07:48,120 basehttp 8116 24376 "GET /api/check-account-status/ HTTP/1.1" 200 62
INFO 2025-11-12 12:07:49,858 basehttp 8116 24376 "GET /api/check-account-status/ HTTP/1.1" 200 62
INFO 2025-11-12 12:07:51,577 basehttp 8116 24376 "GET /api/check-account-status/ HTTP/1.1" 200 62
INFO 2025-11-12 12:07:53,289 basehttp 8116 24376 "GET /api/check-account-status/ HTTP/1.1" 200 62
INFO 2025-11-12 12:07:55,003 basehttp 8116 24376 "GET /api/check-account-status/ HTTP/1.1" 200 62
INFO 2025-11-12 12:07:56,719 basehttp 8116 24376 "GET /api/check-account-status/ HTTP/1.1" 200 62
INFO 2025-11-12 12:07:58,438 basehttp 8116 24376 "GET /api/check-account-status/ HTTP/1.1" 200 62
INFO 2025-11-12 12:08:00,150 basehttp 8116 24376 "GET /api/check-account-status/ HTTP/1.1" 200 62
INFO 2025-11-12 12:08:01,873 basehttp 8116 24376 "GET /api/check-account-status/ HTTP/1.1" 200 62
INFO 2025-11-12 12:08:03,585 basehttp 8116 24376 "GET /api/check-account-status/ HTTP/1.1" 200 62
INFO 2025-11-12 12:08:05,305 basehttp 8116 24376 "GET /api/check-account-status/ HTTP/1.1" 200 62
INFO 2025-11-12 12:08:07,015 basehttp 8116 24376 "GET /api/check-account-status/ HTTP/1.1" 200 62
INFO 2025-11-12 12:08:08,729 basehttp 8116 24376 "GET /api/check-account-status/ HTTP/1.1" 200 62
INFO 2025-11-12 12:08:10,442 basehttp 8116 24376 "GET /api/check-account-status/ HTTP/1.1" 200 62
INFO 2025-11-12 12:08:12,153 basehttp 8116 24376 "GET /api/check-account-status/ HTTP/1.1" 200 62
INFO 2025-11-12 12:08:13,885 basehttp 8116 24376 "GET /api/check-account-status/ HTTP/1.1" 200 62
INFO 2025-11-12 12:08:15,597 basehttp 8116 24376 "GET /api/check-account-status/ HTTP/1.1" 200 62
INFO 2025-11-12 12:08:17,345 basehttp 8116 24376 "GET /api/check-account-status/ HTTP/1.1" 200 62
INFO 2025-11-12 12:08:19,068 basehttp 8116 24376 "GET /api/check-account-status/ HTTP/1.1" 200 62
INFO 2025-11-12 12:08:20,781 basehttp 8116 24376 "GET /api/check-account-status/ HTTP/1.1" 200 62
INFO 2025-11-12 12:08:22,497 basehttp 8116 24376 "GET /api/check-account-status/ HTTP/1.1" 200 62
INFO 2025-11-12 12:08:24,210 basehttp 8116 24376 "GET /api/check-account-status/ HTTP/1.1" 200 62
INFO 2025-11-12 12:08:25,932 basehttp 8116 24376 "GET /api/check-account-status/ HTTP/1.1" 200 62
INFO 2025-11-12 12:08:27,648 basehttp 8116 24376 "GET /api/check-account-status/ HTTP/1.1" 200 62
INFO 2025-11-12 12:08:29,364 basehttp 8116 24376 "GET /api/check-account-status/ HTTP/1.1" 200 62
INFO 2025-11-12 12:08:31,093 basehttp 8116 24376 "GET /api/check-account-status/ HTTP/1.1" 200 62
INFO 2025-11-12 12:08:32,813 basehttp 8116 24376 "GET /api/check-account-status/ HTTP/1.1" 200 62
INFO 2025-11-12 12:08:34,529 basehttp 8116 24376 "GET /api/check-account-status/ HTTP/1.1" 200 62
INFO 2025-11-12 12:08:36,243 basehttp 8116 24376 "GET /api/check-account-status/ HTTP/1.1" 200 62
INFO 2025-11-12 12:08:37,972 basehttp 8116 24376 "GET /api/check-account-status/ HTTP/1.1" 200 62
INFO 2025-11-12 12:08:39,700 basehttp 8116 24376 "GET /api/check-account-status/ HTTP/1.1" 200 62
INFO 2025-11-12 12:08:41,425 basehttp 8116 24376 "GET /api/check-account-status/ HTTP/1.1" 200 62
INFO 2025-11-12 12:08:43,157 basehttp 8116 24376 "GET /api/check-account-status/ HTTP/1.1" 200 62
INFO 2025-11-12 12:08:44,886 basehttp 8116 24376 "GET /api/check-account-status/ HTTP/1.1" 200 62
INFO 2025-11-12 12:08:46,229 basehttp 8116 23520 "GET /api/check-account-status/ HTTP/1.1" 200 62
INFO 2025-11-12 12:08:46,603 basehttp 8116 24376 "GET /api/check-account-status/ HTTP/1.1" 200 62
INFO 2025-11-12 12:08:48,374 basehttp 8116 24376 "GET /api/check-account-status/ HTTP/1.1" 200 62
INFO 2025-11-12 12:08:50,123 basehttp 8116 24376 "GET /api/check-account-status/ HTTP/1.1" 200 62
INFO 2025-11-12 12:08:51,842 basehttp 8116 24376 "GET /api/check-account-status/ HTTP/1.1" 200 62
INFO 2025-11-12 12:08:53,564 basehttp 8116 24376 "GET /api/check-account-status/ HTTP/1.1" 200 62
INFO 2025-11-12 12:08:55,189 basehttp 8116 11396 "GET /api/check-account-status/ HTTP/1.1" 200 62
INFO 2025-11-12 12:08:55,431 basehttp 8116 24376 "GET /api/check-account-status/ HTTP/1.1" 200 62
INFO 2025-11-12 12:08:57,202 basehttp 8116 24376 "GET /api/check-account-status/ HTTP/1.1" 200 62
INFO 2025-11-12 12:08:58,915 basehttp 8116 24376 "GET /api/check-account-status/ HTTP/1.1" 200 62
INFO 2025-11-12 12:09:00,629 basehttp 8116 24376 "GET /api/check-account-status/ HTTP/1.1" 200 62
INFO 2025-11-12 12:09:02,366 basehttp 8116 24376 "GET /api/check-account-status/ HTTP/1.1" 200 62
INFO 2025-11-12 12:09:04,086 basehttp 8116 24376 "GET /api/check-account-status/ HTTP/1.1" 200 62
INFO 2025-11-12 12:09:05,815 basehttp 8116 24376 "GET /api/check-account-status/ HTTP/1.1" 200 62
INFO 2025-11-12 12:09:07,530 basehttp 8116 24376 "GET /api/check-account-status/ HTTP/1.1" 200 62
INFO 2025-11-12 12:09:09,249 basehttp 8116 24376 "GET /api/check-account-status/ HTTP/1.1" 200 62
INFO 2025-11-12 12:09:10,977 basehttp 8116 24376 "GET /api/check-account-status/ HTTP/1.1" 200 62
INFO 2025-11-12 12:09:12,692 basehttp 8116 24376 "GET /api/check-account-status/ HTTP/1.1" 200 62
INFO 2025-11-12 12:09:14,419 basehttp 8116 24376 "GET /api/check-account-status/ HTTP/1.1" 200 62
INFO 2025-11-12 12:09:16,133 basehttp 8116 24376 "GET /api/check-account-status/ HTTP/1.1" 200 62
INFO 2025-11-12 12:09:17,848 basehttp 8116 24376 "GET /api/check-account-status/ HTTP/1.1" 200 62
INFO 2025-11-12 12:09:19,574 basehttp 8116 24376 "GET /api/check-account-status/ HTTP/1.1" 200 62
INFO 2025-11-12 12:09:21,297 basehttp 8116 24376 "GET /api/check-account-status/ HTTP/1.1" 200 62
INFO 2025-11-12 12:09:23,012 basehttp 8116 24376 "GET /api/check-account-status/ HTTP/1.1" 200 62
INFO 2025-11-12 12:09:24,740 basehttp 8116 24376 "GET /api/check-account-status/ HTTP/1.1" 200 62
INFO 2025-11-12 12:09:28,489 basehttp 8116 24376 "GET /api/check-account-status/ HTTP/1.1" 200 62
INFO 2025-11-12 12:09:30,496 basehttp 8116 24376 "GET /api/check-account-status/ HTTP/1.1" 200 62
INFO 2025-11-12 12:09:34,505 basehttp 8116 24376 "GET /api/check-account-status/ HTTP/1.1" 200 62
INFO 2025-11-12 12:09:36,505 basehttp 8116 24376 "GET /api/check-account-status/ HTTP/1.1" 200 62
INFO 2025-11-12 12:09:38,262 basehttp 8116 24376 "GET /api/check-account-status/ HTTP/1.1" 200 62
INFO 2025-11-12 12:09:40,490 basehttp 8116 24376 "GET /api/check-account-status/ HTTP/1.1" 200 62
INFO 2025-11-12 12:09:44,079 basehttp 8116 24376 "GET /api/check-account-status/ HTTP/1.1" 200 62
INFO 2025-11-12 12:09:46,527 basehttp 8116 24376 "GET /api/check-account-status/ HTTP/1.1" 200 62
INFO 2025-11-12 12:09:48,530 basehttp 8116 24376 "GET /api/check-account-status/ HTTP/1.1" 200 62
INFO 2025-11-12 12:09:52,528 basehttp 8116 24376 "GET /api/check-account-status/ HTTP/1.1" 200 62
INFO 2025-11-12 12:09:54,512 basehttp 8116 24376 "GET /api/check-account-status/ HTTP/1.1" 200 62
INFO 2025-11-12 12:09:58,540 basehttp 8116 24376 "GET /api/check-account-status/ HTTP/1.1" 200 62
INFO 2025-11-12 12:10:37,629 basehttp 8116 24376 "GET /api/check-account-status/ HTTP/1.1" 200 62
INFO 2025-11-12 12:10:39,366 basehttp 8116 24376 "GET /api/check-account-status/ HTTP/1.1" 200 62
INFO 2025-11-12 12:11:37,531 basehttp 8116 24376 "GET /api/check-account-status/ HTTP/1.1" 200 62
INFO 2025-11-12 12:11:39,268 basehttp 8116 24376 "GET /api/check-account-status/ HTTP/1.1" 200 62
INFO 2025-11-12 12:12:37,550 basehttp 8116 24376 "GET /api/check-account-status/ HTTP/1.1" 200 62
INFO 2025-11-12 12:12:39,287 basehttp 8116 24376 "GET /api/check-account-status/ HTTP/1.1" 200 62
INFO 2025-11-12 12:12:42,828 basehttp 8116 24376 "GET /api/check-account-status/ HTTP/1.1" 200 62
INFO 2025-11-12 12:12:45,574 basehttp 8116 24376 "GET /api/check-account-status/ HTTP/1.1" 200 62
INFO 2025-11-12 12:12:48,527 basehttp 8116 24376 "GET /api/check-account-status/ HTTP/1.1" 200 62
INFO 2025-11-12 12:12:51,512 basehttp 8116 24376 "GET /api/check-account-status/ HTTP/1.1" 200 62
INFO 2025-11-12 12:12:55,642 basehttp 8116 24376 "GET /api/check-account-status/ HTTP/1.1" 200 62
INFO 2025-11-12 12:12:57,514 basehttp 8116 24376 "GET /api/check-account-status/ HTTP/1.1" 200 62
INFO 2025-11-12 12:13:01,338 basehttp 8116 24376 "GET /api/check-account-status/ HTTP/1.1" 200 62
INFO 2025-11-12 12:13:03,519 basehttp 8116 24376 "GET /api/check-account-status/ HTTP/1.1" 200 62
INFO 2025-11-12 12:13:07,513 basehttp 8116 24376 "GET /api/check-account-status/ HTTP/1.1" 200 62
INFO 2025-11-12 12:13:09,519 basehttp 8116 24376 "GET /api/check-account-status/ HTTP/1.1" 200 62
INFO 2025-11-12 12:13:13,530 basehttp 8116 24376 "GET /api/check-account-status/ HTTP/1.1" 200 62
INFO 2025-11-12 12:13:15,519 basehttp 8116 24376 "GET /api/check-account-status/ HTTP/1.1" 200 62
INFO 2025-11-12 12:13:19,520 basehttp 8116 24376 "GET /api/check-account-status/ HTTP/1.1" 200 62
INFO 2025-11-12 12:13:21,517 basehttp 8116 24376 "GET /api/check-account-status/ HTTP/1.1" 200 62
INFO 2025-11-12 12:13:25,527 basehttp 8116 24376 "GET /api/check-account-status/ HTTP/1.1" 200 62
INFO 2025-11-12 12:13:27,520 basehttp 8116 24376 "GET /api/check-account-status/ HTTP/1.1" 200 62
INFO 2025-11-12 12:13:30,527 basehttp 8116 24376 "GET /api/check-account-status/ HTTP/1.1" 200 62
INFO 2025-11-12 12:13:32,354 basehttp 8116 24376 "GET /api/check-account-status/ HTTP/1.1" 200 62
INFO 2025-11-12 12:13:34,100 basehttp 8116 24376 "GET /api/check-account-status/ HTTP/1.1" 200 62
INFO 2025-11-12 12:13:35,848 basehttp 8116 24376 "GET /api/check-account-status/ HTTP/1.1" 200 62
INFO 2025-11-12 12:13:37,627 basehttp 8116 24376 "GET /api/check-account-status/ HTTP/1.1" 200 62
INFO 2025-11-12 12:13:39,381 basehttp 8116 24376 "GET /api/check-account-status/ HTTP/1.1" 200 62
INFO 2025-11-12 12:13:41,126 basehttp 8116 24376 "GET /api/check-account-status/ HTTP/1.1" 200 62
INFO 2025-11-12 12:13:42,867 basehttp 8116 24376 "GET /api/check-account-status/ HTTP/1.1" 200 62
INFO 2025-11-12 12:13:44,600 basehttp 8116 24376 "GET /api/check-account-status/ HTTP/1.1" 200 62
INFO 2025-11-12 12:13:46,344 basehttp 8116 24376 "GET /api/check-account-status/ HTTP/1.1" 200 62
INFO 2025-11-12 12:13:48,099 basehttp 8116 24376 "GET /api/check-account-status/ HTTP/1.1" 200 62
INFO 2025-11-12 12:13:49,841 basehttp 8116 24376 "GET /api/check-account-status/ HTTP/1.1" 200 62
INFO 2025-11-12 12:13:51,576 basehttp 8116 24376 "GET /api/check-account-status/ HTTP/1.1" 200 62
INFO 2025-11-12 12:13:53,312 basehttp 8116 24376 "GET /api/check-account-status/ HTTP/1.1" 200 62
INFO 2025-11-12 12:13:55,058 basehttp 8116 24376 "GET /api/check-account-status/ HTTP/1.1" 200 62
INFO 2025-11-12 12:13:56,792 basehttp 8116 24376 "GET /api/check-account-status/ HTTP/1.1" 200 62
INFO 2025-11-12 12:13:58,526 basehttp 8116 24376 "GET /api/check-account-status/ HTTP/1.1" 200 62
INFO 2025-11-12 12:14:00,258 basehttp 8116 24376 "GET /api/check-account-status/ HTTP/1.1" 200 62
INFO 2025-11-12 12:14:01,994 basehttp 8116 24376 "GET /api/check-account-status/ HTTP/1.1" 200 62
INFO 2025-11-12 12:14:03,734 basehttp 8116 24376 "GET /api/check-account-status/ HTTP/1.1" 200 62
INFO 2025-11-12 12:14:05,469 basehttp 8116 24376 "GET /api/check-account-status/ HTTP/1.1" 200 62
INFO 2025-11-12 12:14:07,201 basehttp 8116 24376 "GET /api/check-account-status/ HTTP/1.1" 200 62
INFO 2025-11-12 12:14:08,930 basehttp 8116 24376 "GET /api/check-account-status/ HTTP/1.1" 200 62
INFO 2025-11-12 12:14:10,663 basehttp 8116 24376 "GET /api/check-account-status/ HTTP/1.1" 200 62
INFO 2025-11-12 12:14:12,412 basehttp 8116 24376 "GET /api/check-account-status/ HTTP/1.1" 200 62
INFO 2025-11-12 12:14:14,160 basehttp 8116 24376 "GET /api/check-account-status/ HTTP/1.1" 200 62
INFO 2025-11-12 12:14:15,897 basehttp 8116 24376 "GET /api/check-account-status/ HTTP/1.1" 200 62
INFO 2025-11-12 12:14:17,628 basehttp 8116 24376 "GET /api/check-account-status/ HTTP/1.1" 200 62
INFO 2025-11-12 12:14:19,367 basehttp 8116 24376 "GET /api/check-account-status/ HTTP/1.1" 200 62
INFO 2025-11-12 12:14:21,112 basehttp 8116 24376 "GET /api/check-account-status/ HTTP/1.1" 200 62
INFO 2025-11-12 12:14:22,845 basehttp 8116 24376 "GET /api/check-account-status/ HTTP/1.1" 200 62
INFO 2025-11-12 12:14:24,580 basehttp 8116 24376 "GET /api/check-account-status/ HTTP/1.1" 200 62
INFO 2025-11-12 12:14:26,323 basehttp 8116 24376 "GET /api/check-account-status/ HTTP/1.1" 200 62
INFO 2025-11-12 12:14:28,067 basehttp 8116 24376 "GET /api/check-account-status/ HTTP/1.1" 200 62
INFO 2025-11-12 12:14:29,804 basehttp 8116 24376 "GET /api/check-account-status/ HTTP/1.1" 200 62
INFO 2025-11-12 12:14:31,550 basehttp 8116 24376 "GET /api/check-account-status/ HTTP/1.1" 200 62
INFO 2025-11-12 12:14:33,287 basehttp 8116 24376 "GET /api/check-account-status/ HTTP/1.1" 200 62
INFO 2025-11-12 12:14:35,027 basehttp 8116 24376 "GET /api/check-account-status/ HTTP/1.1" 200 62
INFO 2025-11-12 12:14:36,770 basehttp 8116 24376 "GET /api/check-account-status/ HTTP/1.1" 200 62
INFO 2025-11-12 12:14:38,700 basehttp 8116 24376 "GET /api/check-account-status/ HTTP/1.1" 200 62
INFO 2025-11-12 12:14:40,445 basehttp 8116 24376 "GET /api/check-account-status/ HTTP/1.1" 200 62
INFO 2025-11-12 12:14:42,182 basehttp 8116 24376 "GET /api/check-account-status/ HTTP/1.1" 200 62
INFO 2025-11-12 12:14:45,571 basehttp 8116 24376 "GET /api/check-account-status/ HTTP/1.1" 200 62
INFO 2025-11-12 12:14:47,306 basehttp 8116 24376 "GET /api/check-account-status/ HTTP/1.1" 200 62
INFO 2025-11-12 12:14:49,100 basehttp 8116 24376 "GET /api/check-account-status/ HTTP/1.1" 200 62
INFO 2025-11-12 12:14:50,834 basehttp 8116 24376 "GET /api/check-account-status/ HTTP/1.1" 200 62
INFO 2025-11-12 12:14:52,569 basehttp 8116 24376 "GET /api/check-account-status/ HTTP/1.1" 200 62
INFO 2025-11-12 12:14:54,301 basehttp 8116 24376 "GET /api/check-account-status/ HTTP/1.1" 200 62
INFO 2025-11-12 12:14:56,041 basehttp 8116 24376 "GET /api/check-account-status/ HTTP/1.1" 200 62
INFO 2025-11-12 12:14:57,776 basehttp 8116 24376 "GET /api/check-account-status/ HTTP/1.1" 200 62
INFO 2025-11-12 12:14:59,513 basehttp 8116 24376 "GET /api/check-account-status/ HTTP/1.1" 200 62
INFO 2025-11-12 12:15:01,248 basehttp 8116 24376 "GET /api/check-account-status/ HTTP/1.1" 200 62
INFO 2025-11-12 12:15:02,986 basehttp 8116 24376 "GET /api/check-account-status/ HTTP/1.1" 200 62
INFO 2025-11-12 12:15:04,809 basehttp 8116 24376 "GET /api/check-account-status/ HTTP/1.1" 200 62
INFO 2025-11-12 12:15:06,543 basehttp 8116 24376 "GET /api/check-account-status/ HTTP/1.1" 200 62
INFO 2025-11-12 12:15:09,527 basehttp 8116 24376 "GET /api/check-account-status/ HTTP/1.1" 200 62
INFO 2025-11-12 12:15:11,519 basehttp 8116 24376 "GET /api/check-account-status/ HTTP/1.1" 200 62
INFO 2025-11-12 12:15:39,011 basehttp 8116 12440 "GET /api/check-account-status/ HTTP/1.1" 200 62
INFO 2025-11-12 12:15:40,732 basehttp 8116 12440 "GET /api/check-account-status/ HTTP/1.1" 200 62
INFO 2025-11-12 12:16:39,037 basehttp 8116 15832 "GET /api/check-account-status/ HTTP/1.1" 200 62
INFO 2025-11-12 12:16:40,749 basehttp 8116 15832 "GET /api/check-account-status/ HTTP/1.1" 200 62
INFO 2025-11-12 12:17:38,989 basehttp 8116 5920 "GET /api/check-account-status/ HTTP/1.1" 200 62
INFO 2025-11-12 12:17:40,683 basehttp 8116 5920 "GET /api/check-account-status/ HTTP/1.1" 200 62
INFO 2025-11-12 12:18:37,493 basehttp 8116 5920 "GET /api/check-account-status/ HTTP/1.1" 200 62
INFO 2025-11-12 12:18:39,202 basehttp 8116 5920 "GET /api/check-account-status/ HTTP/1.1" 200 62
INFO 2025-11-12 12:18:46,664 basehttp 8116 5920 "GET /api/check-account-status/ HTTP/1.1" 200 62
INFO 2025-11-12 12:18:48,366 basehttp 8116 5920 "GET /api/check-account-status/ HTTP/1.1" 200 62
INFO 2025-11-12 12:18:50,501 basehttp 8116 5920 "GET /api/check-account-status/ HTTP/1.1" 200 62
INFO 2025-11-12 12:18:51,952 basehttp 8116 16248 "GET /report/ HTTP/1.1" 200 47837
INFO 2025-11-12 12:18:52,167 basehttp 8116 6476 "GET /static/js/core/jquery.3.2.1.min.js HTTP/1.1" 200 86663
INFO 2025-11-12 12:18:52,173 basehttp 8116 5800 "GET /static/css/base.css HTTP/1.1" 200 31662
INFO 2025-11-12 12:18:52,182 basehttp 8116 5020 "GET /static/css/demo.css HTTP/1.1" 200 1671
INFO 2025-11-12 12:18:52,191 basehttp 8116 18540 "GET /static/css/ready.css HTTP/1.1" 200 122138
INFO 2025-11-12 12:18:52,192 basehttp 8116 20132 "GET /static/img/reals.jpg HTTP/1.1" 200 105434
INFO 2025-11-12 12:18:52,194 basehttp 8116 16248 "GET /static/css/bootstrap.min.css HTTP/1.1" 200 144883
INFO 2025-11-12 12:18:52,217 basehttp 8116 5020 "GET /static/js/plugin/chartist/plugin/chartist-plugin-tooltip.min.js HTTP/1.1" 200 7371
INFO 2025-11-12 12:18:52,217 basehttp 8116 18540 "GET /static/js/plugin/chartist/chartist.min.js HTTP/1.1" 200 40223
INFO 2025-11-12 12:18:52,267 basehttp 8116 5800 "GET /static/js/plugin/jquery-ui-1.12.1.custom/jquery-ui.min.js HTTP/1.1" 200 95109
INFO 2025-11-12 12:18:52,268 basehttp 8116 6476 "GET /static/js/plugin/bootstrap-notify/bootstrap-notify.min.js HTTP/1.1" 200 8976
INFO 2025-11-12 12:18:52,308 basehttp 8116 16248 "GET /static/js/core/popper.min.js HTTP/1.1" 200 18998
INFO 2025-11-12 12:18:52,328 basehttp 8116 20132 "GET /static/js/core/bootstrap.min.js HTTP/1.1" 200 48950
INFO 2025-11-12 12:18:52,337 basehttp 8116 6476 "GET /static/img/menu2.png HTTP/1.1" 200 3448
INFO 2025-11-12 12:18:52,342 basehttp 8116 16248 "GET /static/js/plugin/chart-circle/circles.min.js HTTP/1.1" 200 5356
INFO 2025-11-12 12:18:52,342 basehttp 8116 18540 "GET /static/js/plugin/bootstrap-toggle/bootstrap-toggle.min.js HTTP/1.1" 200 4137
INFO 2025-11-12 12:18:52,351 basehttp 8116 5800 "GET /static/fonts/line-awesome.woff2?v=1.1. HTTP/1.1" 200 45108
INFO 2025-11-12 12:18:52,365 basehttp 8116 5020 "GET /static/js/plugin/jquery-mapael/jquery.mapael.min.js HTTP/1.1" 200 125093
INFO 2025-11-12 12:18:52,373 basehttp 8116 6476 "GET /static/js/plugin/jquery-scrollbar/jquery.scrollbar.min.js HTTP/1.1" 200 12263
INFO 2025-11-12 12:18:52,375 basehttp 8116 20132 "GET /static/js/plugin/jquery-mapael/maps/world_countries.min.js HTTP/1.1" 200 125623
WARNING 2025-11-12 12:18:52,385 basehttp 8116 18540 "GET /static/js/ready.js HTTP/1.1" 404 1792
INFO 2025-11-12 12:18:53,501 basehttp 8116 5920 - Broken pipe from ('127.0.0.1', 53122)
WARNING 2025-11-12 12:18:55,384 log 8116 6476 Not Found: /favicon.ico
WARNING 2025-11-12 12:18:55,384 basehttp 8116 6476 "GET /favicon.ico HTTP/1.1" 404 29221
INFO 2025-11-12 12:18:55,650 basehttp 8116 20132 "GET /api/check-account-status/ HTTP/1.1" 200 62
INFO 2025-11-12 12:18:57,374 basehttp 8116 20132 "GET /api/check-account-status/ HTTP/1.1" 200 62
INFO 2025-11-12 12:18:59,552 basehttp 8116 20132 "GET /api/check-account-status/ HTTP/1.1" 200 62
INFO 2025-11-12 12:19:01,294 basehttp 8116 20132 "GET /api/check-account-status/ HTTP/1.1" 200 62
INFO 2025-11-12 12:19:03,037 basehttp 8116 20132 "GET /api/check-account-status/ HTTP/1.1" 200 62
INFO 2025-11-12 12:19:03,550 basehttp 8116 6476 "GET /financial-loss/? HTTP/1.1" 200 54412
INFO 2025-11-12 12:19:03,600 basehttp 8116 6476 "GET /static/css/bootstrap.min.css HTTP/1.1" 200 144883
INFO 2025-11-12 12:19:03,610 basehttp 8116 2100 "GET /static/css/demo.css HTTP/1.1" 200 1671
INFO 2025-11-12 12:19:03,617 basehttp 8116 20176 "GET /static/css/base.css HTTP/1.1" 200 31662
INFO 2025-11-12 12:19:03,618 basehttp 8116 6476 "GET /static/js/core/jquery.3.2.1.min.js HTTP/1.1" 200 86663
INFO 2025-11-12 12:19:03,620 basehttp 8116 9552 "GET /static/css/ready.css HTTP/1.1" 200 122138
INFO 2025-11-12 12:19:03,621 basehttp 8116 10316 "GET /static/img/reals.jpg HTTP/1.1" 200 105434
INFO 2025-11-12 12:19:03,635 basehttp 8116 2100 "GET /static/js/plugin/chartist/plugin/chartist-plugin-tooltip.min.js HTTP/1.1" 200 7371
INFO 2025-11-12 12:19:03,651 basehttp 8116 6476 "GET /static/js/core/bootstrap.min.js HTTP/1.1" 200 48950
INFO 2025-11-12 12:19:03,652 basehttp 8116 20176 "GET /static/js/plugin/chartist/chartist.min.js HTTP/1.1" 200 40223
INFO 2025-11-12 12:19:03,661 basehttp 8116 6476 "GET /static/js/plugin/bootstrap-toggle/bootstrap-toggle.min.js HTTP/1.1" 200 4137
INFO 2025-11-12 12:19:03,672 basehttp 8116 9552 "GET /static/js/core/popper.min.js HTTP/1.1" 200 18998
INFO 2025-11-12 12:19:03,686 basehttp 8116 2100 "GET /static/js/plugin/bootstrap-notify/bootstrap-notify.min.js HTTP/1.1" 200 8976
INFO 2025-11-12 12:19:03,687 basehttp 8116 9552 "GET /static/img/menu2.png HTTP/1.1" 200 3448
INFO 2025-11-12 12:19:03,687 basehttp 8116 10316 "GET /static/js/plugin/jquery-ui-1.12.1.custom/jquery-ui.min.js HTTP/1.1" 200 95109
INFO 2025-11-12 12:19:03,705 basehttp 8116 10316 "GET /static/js/plugin/jquery-scrollbar/jquery.scrollbar.min.js HTTP/1.1" 200 12263
INFO 2025-11-12 12:19:03,722 basehttp 8116 9552 "GET /static/js/plugin/chart-circle/circles.min.js HTTP/1.1" 200 5356
INFO 2025-11-12 12:19:03,723 basehttp 8116 20176 "GET /static/js/plugin/jquery-mapael/jquery.mapael.min.js HTTP/1.1" 200 125093
INFO 2025-11-12 12:19:03,725 basehttp 8116 6476 "GET /static/fonts/line-awesome.woff2?v=1.1. HTTP/1.1" 200 45108
INFO 2025-11-12 12:19:03,737 basehttp 8116 2100 "GET /static/js/plugin/jquery-mapael/maps/world_countries.min.js HTTP/1.1" 200 125623
WARNING 2025-11-12 12:19:03,739 basehttp 8116 10316 "GET /static/js/ready.js HTTP/1.1" 404 1792
INFO 2025-11-12 12:19:04,771 basehttp 8116 20132 "GET /api/check-account-status/ HTTP/1.1" 200 62
WARNING 2025-11-12 12:19:05,260 log 8116 6476 Not Found: /favicon.ico
WARNING 2025-11-12 12:19:05,262 basehttp 8116 6476 "GET /favicon.ico HTTP/1.1" 404 29221
INFO 2025-11-12 12:19:06,502 basehttp 8116 20132 "GET /api/check-account-status/ HTTP/1.1" 200 62
INFO 2025-11-12 12:19:07,150 basehttp 8116 2100 "GET /api/check-account-status/ HTTP/1.1" 200 62
INFO 2025-11-12 12:19:08,252 basehttp 8116 20132 "GET /api/check-account-status/ HTTP/1.1" 200 62
INFO 2025-11-12 12:19:08,959 basehttp 8116 2100 "GET /api/check-account-status/ HTTP/1.1" 200 62
INFO 2025-11-12 12:19:10,757 basehttp 8116 2100 "GET /api/check-account-status/ HTTP/1.1" 200 62
INFO 2025-11-12 12:19:12,550 basehttp 8116 2100 "GET /api/check-account-status/ HTTP/1.1" 200 62
INFO 2025-11-12 12:19:14,362 basehttp 8116 2100 "GET /api/check-account-status/ HTTP/1.1" 200 62
INFO 2025-11-12 12:19:16,167 basehttp 8116 2100 "GET /api/check-account-status/ HTTP/1.1" 200 62
INFO 2025-11-12 12:19:17,965 basehttp 8116 2100 "GET /api/check-account-status/ HTTP/1.1" 200 62
INFO 2025-11-12 12:19:19,754 basehttp 8116 2100 "GET /api/check-account-status/ HTTP/1.1" 200 62
INFO 2025-11-12 12:19:21,555 basehttp 8116 2100 "GET /api/check-account-status/ HTTP/1.1" 200 62
INFO 2025-11-12 12:19:23,350 basehttp 8116 2100 "GET /api/check-account-status/ HTTP/1.1" 200 62
INFO 2025-11-12 12:19:25,142 basehttp 8116 2100 "GET /api/check-account-status/ HTTP/1.1" 200 62
INFO 2025-11-12 12:19:26,942 basehttp 8116 2100 "GET /api/check-account-status/ HTTP/1.1" 200 62
INFO 2025-11-12 12:19:28,741 basehttp 8116 2100 "GET /api/check-account-status/ HTTP/1.1" 200 62
INFO 2025-11-12 12:19:30,534 basehttp 8116 2100 "GET /api/check-account-status/ HTTP/1.1" 200 62
INFO 2025-11-12 12:19:32,329 basehttp 8116 2100 "GET /api/check-account-status/ HTTP/1.1" 200 62
INFO 2025-11-12 12:19:34,119 basehttp 8116 2100 "GET /api/check-account-status/ HTTP/1.1" 200 62
INFO 2025-11-12 12:19:35,910 basehttp 8116 2100 "GET /api/check-account-status/ HTTP/1.1" 200 62
INFO 2025-11-12 12:19:37,704 basehttp 8116 2100 "GET /api/check-account-status/ HTTP/1.1" 200 62
INFO 2025-11-12 12:19:39,497 basehttp 8116 2100 "GET /api/check-account-status/ HTTP/1.1" 200 62
INFO 2025-11-12 12:19:41,299 basehttp 8116 2100 "GET /api/check-account-status/ HTTP/1.1" 200 62
INFO 2025-11-12 12:19:43,091 basehttp 8116 2100 "GET /api/check-account-status/ HTTP/1.1" 200 62
INFO 2025-11-12 12:19:44,880 basehttp 8116 2100 "GET /api/check-account-status/ HTTP/1.1" 200 62
INFO 2025-11-12 12:19:46,669 basehttp 8116 2100 "GET /api/check-account-status/ HTTP/1.1" 200 62
INFO 2025-11-12 12:19:48,462 basehttp 8116 2100 "GET /api/check-account-status/ HTTP/1.1" 200 62
INFO 2025-11-12 12:19:50,255 basehttp 8116 2100 "GET /api/check-account-status/ HTTP/1.1" 200 62
INFO 2025-11-12 12:19:51,038 basehttp 8116 5280 "GET /api/check-account-status/ HTTP/1.1" 200 62
INFO 2025-11-12 12:19:52,052 basehttp 8116 2100 "GET /api/check-account-status/ HTTP/1.1" 200 62
INFO 2025-11-12 12:19:53,505 basehttp 8116 5280 "GET /api/check-account-status/ HTTP/1.1" 200 62
INFO 2025-11-12 12:19:53,844 basehttp 8116 2100 "GET /api/check-account-status/ HTTP/1.1" 200 62
INFO 2025-11-12 12:19:53,982 basehttp 8116 3344 "GET /api/check-account-status/ HTTP/1.1" 200 62
INFO 2025-11-12 12:19:55,538 basehttp 8116 5280 "GET /api/check-account-status/ HTTP/1.1" 200 62
INFO 2025-11-12 12:19:55,640 basehttp 8116 2100 "GET /api/check-account-status/ HTTP/1.1" 200 62
INFO 2025-11-12 12:19:57,439 basehttp 8116 2100 "GET /api/check-account-status/ HTTP/1.1" 200 62
INFO 2025-11-12 12:19:58,532 basehttp 8116 5280 "GET /api/check-account-status/ HTTP/1.1" 200 62
INFO 2025-11-12 12:19:59,250 basehttp 8116 2100 "GET /api/check-account-status/ HTTP/1.1" 200 62
INFO 2025-11-12 12:20:01,053 basehttp 8116 2100 "GET /api/check-account-status/ HTTP/1.1" 200 62
INFO 2025-11-12 12:20:01,536 basehttp 8116 5280 "GET /api/check-account-status/ HTTP/1.1" 200 62
INFO 2025-11-12 12:20:02,858 basehttp 8116 2100 "GET /api/check-account-status/ HTTP/1.1" 200 62
INFO 2025-11-12 12:20:04,015 basehttp 8116 22980 "GET /api/check-account-status/ HTTP/1.1" 200 62
INFO 2025-11-12 12:20:04,520 basehttp 8116 5280 "GET /api/check-account-status/ HTTP/1.1" 200 62
INFO 2025-11-12 12:20:04,649 basehttp 8116 2100 "GET /api/check-account-status/ HTTP/1.1" 200 62
INFO 2025-11-12 12:20:06,454 basehttp 8116 2100 "GET /api/check-account-status/ HTTP/1.1" 200 62
INFO 2025-11-12 12:20:07,512 basehttp 8116 5280 "GET /api/check-account-status/ HTTP/1.1" 200 62
INFO 2025-11-12 12:20:08,250 basehttp 8116 2100 "GET /api/check-account-status/ HTTP/1.1" 200 62
INFO 2025-11-12 12:20:10,039 basehttp 8116 2100 "GET /api/check-account-status/ HTTP/1.1" 200 62
INFO 2025-11-12 12:20:10,513 basehttp 8116 5280 "GET /api/check-account-status/ HTTP/1.1" 200 62
INFO 2025-11-12 12:20:11,471 basehttp 8116 22980 "GET /api/check-account-status/ HTTP/1.1" 200 62
INFO 2025-11-12 12:20:11,830 basehttp 8116 2100 "GET /api/check-account-status/ HTTP/1.1" 200 62
INFO 2025-11-12 12:20:13,454 basehttp 8116 22980 "GET /api/check-account-status/ HTTP/1.1" 200 62
INFO 2025-11-12 12:20:13,617 basehttp 8116 2100 "GET /api/check-account-status/ HTTP/1.1" 200 62
INFO 2025-11-12 12:20:15,408 basehttp 8116 2100 "GET /api/check-account-status/ HTTP/1.1" 200 62
INFO 2025-11-12 12:20:16,479 basehttp 8116 22980 "GET /api/check-account-status/ HTTP/1.1" 200 62
INFO 2025-11-12 12:20:17,224 basehttp 8116 2100 "GET /api/check-account-status/ HTTP/1.1" 200 62
INFO 2025-11-12 12:20:19,022 basehttp 8116 2100 "GET /api/check-account-status/ HTTP/1.1" 200 62
INFO 2025-11-12 12:20:19,473 basehttp 8116 22980 "GET /api/check-account-status/ HTTP/1.1" 200 62
INFO 2025-11-12 12:20:20,815 basehttp 8116 2100 "GET /api/check-account-status/ HTTP/1.1" 200 62
INFO 2025-11-12 12:20:22,030 basehttp 8116 15488 "GET /api/check-account-status/ HTTP/1.1" 200 62
INFO 2025-11-12 12:20:22,605 basehttp 8116 2100 "GET /api/check-account-status/ HTTP/1.1" 200 62
INFO 2025-11-12 12:20:23,993 basehttp 8116 24632 "GET /api/check-account-status/ HTTP/1.1" 200 62
INFO 2025-11-12 12:20:24,407 basehttp 8116 2100 "GET /api/check-account-status/ HTTP/1.1" 200 62
INFO 2025-11-12 12:20:26,200 basehttp 8116 2100 "GET /api/check-account-status/ HTTP/1.1" 200 62
INFO 2025-11-12 12:20:27,993 basehttp 8116 2100 "GET /api/check-account-status/ HTTP/1.1" 200 62
INFO 2025-11-12 12:20:29,792 basehttp 8116 2100 "GET /api/check-account-status/ HTTP/1.1" 200 62
INFO 2025-11-12 12:20:31,505 basehttp 8116 24632 "GET /api/check-account-status/ HTTP/1.1" 200 62
INFO 2025-11-12 12:20:31,583 basehttp 8116 2100 "GET /api/check-account-status/ HTTP/1.1" 200 62
INFO 2025-11-12 12:20:33,375 basehttp 8116 2100 "GET /api/check-account-status/ HTTP/1.1" 200 62
INFO 2025-11-12 12:20:35,164 basehttp 8116 2100 "GET /api/check-account-status/ HTTP/1.1" 200 62
INFO 2025-11-12 12:20:36,997 basehttp 8116 2100 "GET /api/check-account-status/ HTTP/1.1" 200 62
INFO 2025-11-12 12:20:38,802 basehttp 8116 2100 "GET /api/check-account-status/ HTTP/1.1" 200 62
INFO 2025-11-12 12:20:40,594 basehttp 8116 2100 "GET /api/check-account-status/ HTTP/1.1" 200 62
INFO 2025-11-12 12:20:42,386 basehttp 8116 2100 "GET /api/check-account-status/ HTTP/1.1" 200 62
INFO 2025-11-12 12:20:44,175 basehttp 8116 2100 "GET /api/check-account-status/ HTTP/1.1" 200 62
INFO 2025-11-12 12:20:45,969 basehttp 8116 2100 "GET /api/check-account-status/ HTTP/1.1" 200 62
INFO 2025-11-12 12:20:47,759 basehttp 8116 2100 "GET /api/check-account-status/ HTTP/1.1" 200 62
INFO 2025-11-12 12:20:49,555 basehttp 8116 2100 "GET /api/check-account-status/ HTTP/1.1" 200 62
INFO 2025-11-12 12:20:51,346 basehttp 8116 2100 "GET /api/check-account-status/ HTTP/1.1" 200 62
INFO 2025-11-12 12:20:53,138 basehttp 8116 2100 "GET /api/check-account-status/ HTTP/1.1" 200 62
INFO 2025-11-12 12:20:54,931 basehttp 8116 2100 "GET /api/check-account-status/ HTTP/1.1" 200 62
INFO 2025-11-12 12:20:56,721 basehttp 8116 2100 "GET /api/check-account-status/ HTTP/1.1" 200 62
INFO 2025-11-12 12:20:58,514 basehttp 8116 2100 "GET /api/check-account-status/ HTTP/1.1" 200 62
INFO 2025-11-12 12:21:00,306 basehttp 8116 2100 "GET /api/check-account-status/ HTTP/1.1" 200 62
INFO 2025-11-12 12:21:02,098 basehttp 8116 2100 "GET /api/check-account-status/ HTTP/1.1" 200 62
INFO 2025-11-12 12:21:03,904 basehttp 8116 2100 "GET /api/check-account-status/ HTTP/1.1" 200 62
INFO 2025-11-12 12:21:05,708 basehttp 8116 2100 "GET /api/check-account-status/ HTTP/1.1" 200 62
INFO 2025-11-12 12:21:08,566 basehttp 8116 2100 "GET /api/check-account-status/ HTTP/1.1" 200 62
INFO 2025-11-12 12:21:11,569 basehttp 8116 2100 "GET /api/check-account-status/ HTTP/1.1" 200 62
INFO 2025-11-12 12:21:14,578 basehttp 8116 2100 "GET /api/check-account-status/ HTTP/1.1" 200 62
INFO 2025-11-12 12:21:17,562 basehttp 8116 2100 "GET /api/check-account-status/ HTTP/1.1" 200 62
INFO 2025-11-12 12:21:20,567 basehttp 8116 2100 "GET /api/check-account-status/ HTTP/1.1" 200 62
INFO 2025-11-12 12:21:23,582 basehttp 8116 2100 "GET /api/check-account-status/ HTTP/1.1" 200 62
INFO 2025-11-12 12:21:26,569 basehttp 8116 2100 "GET /api/check-account-status/ HTTP/1.1" 200 62
INFO 2025-11-12 12:21:29,579 basehttp 8116 2100 "GET /api/check-account-status/ HTTP/1.1" 200 62
INFO 2025-11-12 12:21:32,562 basehttp 8116 2100 "GET /api/check-account-status/ HTTP/1.1" 200 62
INFO 2025-11-12 12:21:35,580 basehttp 8116 2100 "GET /api/check-account-status/ HTTP/1.1" 200 62
INFO 2025-11-12 12:21:37,569 basehttp 8116 2100 "GET /api/check-account-status/ HTTP/1.1" 200 62
INFO 2025-11-12 12:21:39,652 basehttp 8116 2100 "GET /api/check-account-status/ HTTP/1.1" 200 62
INFO 2025-11-12 12:21:41,497 basehttp 8116 2100 "GET /api/check-account-status/ HTTP/1.1" 200 62
INFO 2025-11-12 12:21:43,293 basehttp 8116 2100 "GET /api/check-account-status/ HTTP/1.1" 200 62
INFO 2025-11-12 12:21:45,090 basehttp 8116 2100 "GET /api/check-account-status/ HTTP/1.1" 200 62
INFO 2025-11-12 12:21:47,590 basehttp 8116 2100 "GET /api/check-account-status/ HTTP/1.1" 200 62
INFO 2025-11-12 12:21:50,060 basehttp 8116 2100 "GET /api/check-account-status/ HTTP/1.1" 200 62
INFO 2025-11-12 12:21:55,221 basehttp 8116 20860 "GET /api/check-account-status/ HTTP/1.1" 200 62
INFO 2025-11-12 12:21:57,143 basehttp 8116 20860 "GET /api/check-account-status/ HTTP/1.1" 200 62
INFO 2025-11-12 12:21:59,577 basehttp 8116 20860 "GET /api/check-account-status/ HTTP/1.1" 200 62
INFO 2025-11-12 12:22:02,676 basehttp 8116 20860 "GET /api/check-account-status/ HTTP/1.1" 200 62
INFO 2025-11-12 12:22:05,580 basehttp 8116 20860 "GET /api/check-account-status/ HTTP/1.1" 200 62
INFO 2025-11-12 12:22:23,296 basehttp 8116 24876 "GET /api/check-account-status/ HTTP/1.1" 200 62
INFO 2025-11-12 12:22:25,103 basehttp 8116 24876 "GET /api/check-account-status/ HTTP/1.1" 200 62
INFO 2025-11-12 12:22:26,903 basehttp 8116 24876 "GET /api/check-account-status/ HTTP/1.1" 200 62
INFO 2025-11-12 12:22:28,743 basehttp 8116 24876 "GET /api/check-account-status/ HTTP/1.1" 200 62
INFO 2025-11-12 12:22:29,196 basehttp 8116 22060 "GET /salesexpenses/?show_all=1 HTTP/1.1" 200 113259
INFO 2025-11-12 12:22:29,258 basehttp 8116 24876 "GET /static/css/ready.css HTTP/1.1" 200 122138
INFO 2025-11-12 12:22:29,259 basehttp 8116 22060 "GET /static/css/bootstrap.min.css HTTP/1.1" 200 144883
INFO 2025-11-12 12:22:29,267 basehttp 8116 13392 "GET /static/css/demo.css HTTP/1.1" 200 1671
INFO 2025-11-12 12:22:29,271 basehttp 8116 23572 "GET /static/css/base.css HTTP/1.1" 200 31662
INFO 2025-11-12 12:22:29,274 basehttp 8116 24912 "GET /static/img/reals.jpg HTTP/1.1" 200 105434
INFO 2025-11-12 12:22:29,277 basehttp 8116 17992 "GET /static/js/core/jquery.3.2.1.min.js HTTP/1.1" 200 86663
INFO 2025-11-12 12:22:29,282 basehttp 8116 24912 "GET /static/js/plugin/jquery-ui-1.12.1.custom/jquery-ui.min.js HTTP/1.1" 200 95109
INFO 2025-11-12 12:22:29,289 basehttp 8116 24912 "GET /static/js/core/popper.min.js HTTP/1.1" 200 18998
INFO 2025-11-12 12:22:29,292 basehttp 8116 17992 "GET /static/js/core/bootstrap.min.js HTTP/1.1" 200 48950
INFO 2025-11-12 12:22:29,299 basehttp 8116 17992 "GET /static/js/plugin/chartist/chartist.min.js HTTP/1.1" 200 40223
INFO 2025-11-12 12:22:29,299 basehttp 8116 24912 "GET /static/js/plugin/chartist/plugin/chartist-plugin-tooltip.min.js HTTP/1.1" 200 7371
INFO 2025-11-12 12:22:29,313 basehttp 8116 17992 "GET /static/js/plugin/bootstrap-toggle/bootstrap-toggle.min.js HTTP/1.1" 200 4137
INFO 2025-11-12 12:22:29,318 basehttp 8116 24912 "GET /static/js/plugin/bootstrap-notify/bootstrap-notify.min.js HTTP/1.1" 200 8976
INFO 2025-11-12 12:22:29,327 basehttp 8116 24912 "GET /static/js/plugin/jquery-mapael/jquery.mapael.min.js HTTP/1.1" 200 125093
INFO 2025-11-12 12:22:29,334 basehttp 8116 17992 "GET /static/js/plugin/jquery-mapael/maps/world_countries.min.js HTTP/1.1" 200 125623
INFO 2025-11-12 12:22:29,339 basehttp 8116 17992 "GET /static/js/plugin/chart-circle/circles.min.js HTTP/1.1" 200 5356
INFO 2025-11-12 12:22:29,340 basehttp 8116 24912 "GET /static/js/plugin/jquery-scrollbar/jquery.scrollbar.min.js HTTP/1.1" 200 12263
WARNING 2025-11-12 12:22:29,351 basehttp 8116 17992 "GET /static/js/ready.js HTTP/1.1" 404 1792
INFO 2025-11-12 12:22:29,432 basehttp 8116 24912 "GET /static/img/menu2.png HTTP/1.1" 200 3448
INFO 2025-11-12 12:22:29,449 basehttp 8116 24912 "GET /static/fonts/line-awesome.woff2?v=1.1. HTTP/1.1" 200 45108
WARNING 2025-11-12 12:22:32,581 log 8116 23572 Not Found: /favicon.ico
WARNING 2025-11-12 12:22:32,583 basehttp 8116 23572 "GET /favicon.ico HTTP/1.1" 404 29221
INFO 2025-11-12 12:22:32,743 basehttp 8116 24912 "GET /api/check-account-status/ HTTP/1.1" 200 62
INFO 2025-11-12 12:22:34,436 basehttp 8116 24912 "GET /api/check-account-status/ HTTP/1.1" 200 62
INFO 2025-11-12 12:22:37,229 basehttp 8116 24912 "GET /api/check-account-status/ HTTP/1.1" 200 62
INFO 2025-11-12 12:22:38,919 basehttp 8116 24912 "GET /api/check-account-status/ HTTP/1.1" 200 62
INFO 2025-11-12 12:22:40,604 basehttp 8116 24912 "GET /api/check-account-status/ HTTP/1.1" 200 62
INFO 2025-11-12 12:22:42,287 basehttp 8116 24912 "GET /api/check-account-status/ HTTP/1.1" 200 62
INFO 2025-11-12 12:22:43,979 basehttp 8116 24912 "GET /api/check-account-status/ HTTP/1.1" 200 62
INFO 2025-11-12 12:22:46,221 basehttp 8116 24912 "GET /api/check-account-status/ HTTP/1.1" 200 62
INFO 2025-11-12 12:22:49,518 basehttp 8116 24912 "GET /api/check-account-status/ HTTP/1.1" 200 62
INFO 2025-11-12 12:22:52,479 basehttp 8116 24912 "GET /api/check-account-status/ HTTP/1.1" 200 62
INFO 2025-11-12 12:22:55,472 basehttp 8116 24912 "GET /api/check-account-status/ HTTP/1.1" 200 62
INFO 2025-11-12 12:22:58,468 basehttp 8116 24912 "GET /api/check-account-status/ HTTP/1.1" 200 62
INFO 2025-11-12 12:23:01,468 basehttp 8116 24912 "GET /api/check-account-status/ HTTP/1.1" 200 62
INFO 2025-11-12 12:23:04,476 basehttp 8116 24912 "GET /api/check-account-status/ HTTP/1.1" 200 62
INFO 2025-11-12 12:23:07,489 basehttp 8116 24912 "GET /api/check-account-status/ HTTP/1.1" 200 62
INFO 2025-11-12 12:23:10,477 basehttp 8116 24912 "GET /api/check-account-status/ HTTP/1.1" 200 62
INFO 2025-11-12 12:23:15,081 basehttp 8116 20348 "GET /api/check-account-status/ HTTP/1.1" 200 62
INFO 2025-11-12 12:23:16,824 basehttp 8116 20348 "GET /api/check-account-status/ HTTP/1.1" 200 62
INFO 2025-11-12 12:23:19,532 basehttp 8116 20348 "GET /api/check-account-status/ HTTP/1.1" 200 62
INFO 2025-11-12 12:23:22,527 basehttp 8116 20348 "GET /api/check-account-status/ HTTP/1.1" 200 62
INFO 2025-11-12 12:23:25,540 basehttp 8116 20348 "GET /api/check-account-status/ HTTP/1.1" 200 62
INFO 2025-11-12 12:23:28,540 basehttp 8116 20348 "GET /api/check-account-status/ HTTP/1.1" 200 62
INFO 2025-11-12 12:23:31,536 basehttp 8116 20348 "GET /api/check-account-status/ HTTP/1.1" 200 62
INFO 2025-11-12 12:23:34,539 basehttp 8116 20348 "GET /api/check-account-status/ HTTP/1.1" 200 62
INFO 2025-11-12 12:23:38,767 basehttp 8116 1372 "GET /api/check-account-status/ HTTP/1.1" 200 62
INFO 2025-11-12 12:23:40,493 basehttp 8116 1372 "GET /api/check-account-status/ HTTP/1.1" 200 62
INFO 2025-11-12 12:23:42,219 basehttp 8116 1372 "GET /api/check-account-status/ HTTP/1.1" 200 62
INFO 2025-11-12 12:23:42,372 basehttp 8116 20348 "GET /salesexpenses/?show_all=1 HTTP/1.1" 200 113271
INFO 2025-11-12 12:23:42,445 basehttp 8116 13572 "GET /static/css/base.css HTTP/1.1" 200 31662
INFO 2025-11-12 12:23:42,447 basehttp 8116 20348 "GET /static/css/bootstrap.min.css HTTP/1.1" 200 144883
INFO 2025-11-12 12:23:42,453 basehttp 8116 9364 "GET /static/css/demo.css HTTP/1.1" 200 1671
INFO 2025-11-12 12:23:42,457 basehttp 8116 20888 "GET /static/css/ready.css HTTP/1.1" 200 122138
INFO 2025-11-12 12:23:42,461 basehttp 8116 14564 "GET /static/img/reals.jpg HTTP/1.1" 200 105434
INFO 2025-11-12 12:23:42,469 basehttp 8116 20348 "GET /static/js/core/jquery.3.2.1.min.js HTTP/1.1" 200 86663
INFO 2025-11-12 12:23:42,478 basehttp 8116 14564 "GET /static/js/plugin/jquery-ui-1.12.1.custom/jquery-ui.min.js HTTP/1.1" 200 95109
INFO 2025-11-12 12:23:42,481 basehttp 8116 20348 "GET /static/js/core/popper.min.js HTTP/1.1" 200 18998
INFO 2025-11-12 12:23:42,492 basehttp 8116 20348 "GET /static/js/core/bootstrap.min.js HTTP/1.1" 200 48950
INFO 2025-11-12 12:23:42,492 basehttp 8116 14564 "GET /static/js/plugin/chartist/chartist.min.js HTTP/1.1" 200 40223
INFO 2025-11-12 12:23:42,506 basehttp 8116 14564 "GET /static/js/plugin/chartist/plugin/chartist-plugin-tooltip.min.js HTTP/1.1" 200 7371
INFO 2025-11-12 12:23:42,506 basehttp 8116 20348 "GET /static/js/plugin/bootstrap-notify/bootstrap-notify.min.js HTTP/1.1" 200 8976
INFO 2025-11-12 12:23:42,515 basehttp 8116 20348 "GET /static/js/plugin/bootstrap-toggle/bootstrap-toggle.min.js HTTP/1.1" 200 4137
INFO 2025-11-12 12:23:42,520 basehttp 8116 14564 "GET /static/js/plugin/jquery-mapael/jquery.mapael.min.js HTTP/1.1" 200 125093
INFO 2025-11-12 12:23:42,526 basehttp 8116 14564 "GET /static/js/plugin/jquery-mapael/maps/world_countries.min.js HTTP/1.1" 200 125623
INFO 2025-11-12 12:23:42,526 basehttp 8116 20348 "GET /static/js/plugin/chart-circle/circles.min.js HTTP/1.1" 200 5356
INFO 2025-11-12 12:23:42,541 basehttp 8116 20348 "GET /static/js/plugin/jquery-scrollbar/jquery.scrollbar.min.js HTTP/1.1" 200 12263
WARNING 2025-11-12 12:23:42,548 basehttp 8116 14564 "GET /static/js/ready.js HTTP/1.1" 404 1792
INFO 2025-11-12 12:23:42,696 basehttp 8116 20348 "GET /static/img/menu2.png HTTP/1.1" 200 3448
INFO 2025-11-12 12:23:42,708 basehttp 8116 20348 "GET /static/fonts/line-awesome.woff2?v=1.1. HTTP/1.1" 200 45108
INFO 2025-11-12 12:23:43,942 basehttp 8116 1372 "GET /api/check-account-status/ HTTP/1.1" 200 62
INFO 2025-11-12 12:23:44,510 basehttp 8116 20348 "GET /api/check-account-status/ HTTP/1.1" 200 62
INFO 2025-11-12 12:23:45,658 basehttp 8116 1372 "GET /api/check-account-status/ HTTP/1.1" 200 62
WARNING 2025-11-12 12:23:45,994 log 8116 20888 Not Found: /favicon.ico
WARNING 2025-11-12 12:23:45,998 basehttp 8116 20888 "GET /favicon.ico HTTP/1.1" 404 29221
INFO 2025-11-12 12:23:46,257 basehttp 8116 20348 "GET /api/check-account-status/ HTTP/1.1" 200 62
INFO 2025-11-12 12:23:47,382 basehttp 8116 1372 "GET /api/check-account-status/ HTTP/1.1" 200 62
INFO 2025-11-12 12:23:48,025 basehttp 8116 20348 "GET /api/check-account-status/ HTTP/1.1" 200 62
INFO 2025-11-12 12:23:49,112 basehttp 8116 1372 "GET /api/check-account-status/ HTTP/1.1" 200 62
INFO 2025-11-12 12:23:50,043 basehttp 8116 20348 "GET /api/check-account-status/ HTTP/1.1" 200 62
INFO 2025-11-12 12:23:51,795 basehttp 8116 20348 "GET /api/check-account-status/ HTTP/1.1" 200 62
INFO 2025-11-12 12:23:53,542 basehttp 8116 20348 "GET /api/check-account-status/ HTTP/1.1" 200 62
INFO 2025-11-12 12:23:55,285 basehttp 8116 20348 "GET /api/check-account-status/ HTTP/1.1" 200 62
INFO 2025-11-12 12:23:57,054 basehttp 8116 20348 "GET /api/check-account-status/ HTTP/1.1" 200 62
INFO 2025-11-12 12:23:58,807 basehttp 8116 20348 "GET /api/check-account-status/ HTTP/1.1" 200 62
INFO 2025-11-12 12:24:00,590 basehttp 8116 20348 "GET /api/check-account-status/ HTTP/1.1" 200 62
INFO 2025-11-12 12:24:02,508 basehttp 8116 20348 "GET /api/check-account-status/ HTTP/1.1" 200 62
INFO 2025-11-12 12:24:04,257 basehttp 8116 20348 "GET /api/check-account-status/ HTTP/1.1" 200 62
INFO 2025-11-12 12:24:06,004 basehttp 8116 20348 "GET /api/check-account-status/ HTTP/1.1" 200 62
INFO 2025-11-12 12:24:07,753 basehttp 8116 20348 "GET /api/check-account-status/ HTTP/1.1" 200 62
INFO 2025-11-12 12:24:09,501 basehttp 8116 20348 "GET /api/check-account-status/ HTTP/1.1" 200 62
INFO 2025-11-12 12:24:11,253 basehttp 8116 20348 "GET /api/check-account-status/ HTTP/1.1" 200 62
INFO 2025-11-12 12:24:11,360 basehttp 8116 18172 "GET /report/ HTTP/1.1" 200 47837
INFO 2025-11-12 12:24:11,415 basehttp 8116 18172 "GET /static/css/bootstrap.min.css HTTP/1.1" 200 144883
INFO 2025-11-12 12:24:11,434 basehttp 8116 18172 "GET /static/js/core/jquery.3.2.1.min.js HTTP/1.1" 200 86663
INFO 2025-11-12 12:24:11,434 basehttp 8116 24268 "GET /static/css/base.css HTTP/1.1" 200 31662
INFO 2025-11-12 12:24:11,435 basehttp 8116 14460 "GET /static/css/demo.css HTTP/1.1" 200 1671
INFO 2025-11-12 12:24:11,435 basehttp 8116 25444 "GET /static/css/ready.css HTTP/1.1" 200 122138
INFO 2025-11-12 12:24:11,442 basehttp 8116 17076 "GET /static/img/reals.jpg HTTP/1.1" 200 105434
INFO 2025-11-12 12:24:11,445 basehttp 8116 25444 "GET /static/js/plugin/jquery-ui-1.12.1.custom/jquery-ui.min.js HTTP/1.1" 200 95109
INFO 2025-11-12 12:24:11,447 basehttp 8116 17076 "GET /static/js/core/popper.min.js HTTP/1.1" 200 18998
INFO 2025-11-12 12:24:11,455 basehttp 8116 17076 "GET /static/js/core/bootstrap.min.js HTTP/1.1" 200 48950
INFO 2025-11-12 12:24:11,459 basehttp 8116 25444 "GET /static/js/plugin/chartist/chartist.min.js HTTP/1.1" 200 40223
INFO 2025-11-12 12:24:11,462 basehttp 8116 25444 "GET /static/js/plugin/chartist/plugin/chartist-plugin-tooltip.min.js HTTP/1.1" 200 7371
INFO 2025-11-12 12:24:11,469 basehttp 8116 25444 "GET /static/js/plugin/bootstrap-notify/bootstrap-notify.min.js HTTP/1.1" 200 8976
INFO 2025-11-12 12:24:11,477 basehttp 8116 25444 "GET /static/js/plugin/bootstrap-toggle/bootstrap-toggle.min.js HTTP/1.1" 200 4137
INFO 2025-11-12 12:24:11,479 basehttp 8116 17076 "GET /static/js/plugin/jquery-mapael/jquery.mapael.min.js HTTP/1.1" 200 125093
INFO 2025-11-12 12:24:11,492 basehttp 8116 17076 "GET /static/js/plugin/jquery-mapael/maps/world_countries.min.js HTTP/1.1" 200 125623
INFO 2025-11-12 12:24:11,493 basehttp 8116 25444 "GET /static/js/plugin/chart-circle/circles.min.js HTTP/1.1" 200 5356
INFO 2025-11-12 12:24:11,497 basehttp 8116 25444 "GET /static/js/plugin/jquery-scrollbar/jquery.scrollbar.min.js HTTP/1.1" 200 12263
WARNING 2025-11-12 12:24:11,505 basehttp 8116 17076 "GET /static/js/ready.js HTTP/1.1" 404 1792
INFO 2025-11-12 12:24:12,126 basehttp 8116 25444 "GET /static/img/menu2.png HTTP/1.1" 200 3448
INFO 2025-11-12 12:24:12,128 basehttp 8116 14460 "GET /static/fonts/line-awesome.woff2?v=1.1. HTTP/1.1" 200 45108
INFO 2025-11-12 12:24:13,002 basehttp 8116 20348 "GET /api/check-account-status/ HTTP/1.1" 200 62
INFO 2025-11-12 12:24:14,757 basehttp 8116 20348 "GET /api/check-account-status/ HTTP/1.1" 200 62
WARNING 2025-11-12 12:24:15,400 log 8116 25444 Not Found: /favicon.ico
WARNING 2025-11-12 12:24:15,401 basehttp 8116 25444 "GET /favicon.ico HTTP/1.1" 404 29221
INFO 2025-11-12 12:24:15,643 basehttp 8116 14460 "GET /api/check-account-status/ HTTP/1.1" 200 62
INFO 2025-11-12 12:24:16,521 basehttp 8116 20348 "GET /api/check-account-status/ HTTP/1.1" 200 62
INFO 2025-11-12 12:24:17,442 basehttp 8116 14460 "GET /api/check-account-status/ HTTP/1.1" 200 62
INFO 2025-11-12 12:24:18,270 basehttp 8116 20348 "GET /api/check-account-status/ HTTP/1.1" 200 62
INFO 2025-11-12 12:24:19,236 basehttp 8116 14460 "GET /api/check-account-status/ HTTP/1.1" 200 62
INFO 2025-11-12 12:24:20,025 basehttp 8116 20348 "GET /api/check-account-status/ HTTP/1.1" 200 62
INFO 2025-11-12 12:24:21,052 basehttp 8116 14460 "GET /api/check-account-status/ HTTP/1.1" 200 62
INFO 2025-11-12 12:24:21,822 basehttp 8116 20348 "GET /api/check-account-status/ HTTP/1.1" 200 62
INFO 2025-11-12 12:24:22,873 basehttp 8116 14460 "GET /api/check-account-status/ HTTP/1.1" 200 62
INFO 2025-11-12 12:24:23,621 basehttp 8116 20348 "GET /api/check-account-status/ HTTP/1.1" 200 62
INFO 2025-11-12 12:24:24,686 basehttp 8116 14460 "GET /api/check-account-status/ HTTP/1.1" 200 62
INFO 2025-11-12 12:24:25,410 basehttp 8116 20348 "GET /api/check-account-status/ HTTP/1.1" 200 62
INFO 2025-11-12 12:24:26,486 basehttp 8116 14460 "GET /api/check-account-status/ HTTP/1.1" 200 62
INFO 2025-11-12 12:24:27,165 basehttp 8116 20348 "GET /api/check-account-status/ HTTP/1.1" 200 62
INFO 2025-11-12 12:24:28,319 basehttp 8116 14460 "GET /api/check-account-status/ HTTP/1.1" 200 62
INFO 2025-11-12 12:24:30,181 basehttp 8116 14460 "GET /api/check-account-status/ HTTP/1.1" 200 62
INFO 2025-11-12 12:24:32,019 basehttp 8116 14460 "GET /api/check-account-status/ HTTP/1.1" 200 62
INFO 2025-11-12 12:24:34,306 basehttp 8116 14460 "GET /api/check-account-status/ HTTP/1.1" 200 62
INFO 2025-11-12 12:24:36,619 basehttp 8116 14460 "GET /api/check-account-status/ HTTP/1.1" 200 62
INFO 2025-11-12 12:24:38,437 basehttp 8116 14460 "GET /api/check-account-status/ HTTP/1.1" 200 62
INFO 2025-11-12 12:24:40,268 basehttp 8116 14460 "GET /api/check-account-status/ HTTP/1.1" 200 62
INFO 2025-11-12 12:24:42,110 basehttp 8116 14460 "GET /api/check-account-status/ HTTP/1.1" 200 62
INFO 2025-11-12 12:24:43,973 basehttp 8116 14460 "GET /api/check-account-status/ HTTP/1.1" 200 62
INFO 2025-11-12 12:24:45,787 basehttp 8116 14460 "GET /api/check-account-status/ HTTP/1.1" 200 62
INFO 2025-11-12 12:24:47,622 basehttp 8116 14460 "GET /api/check-account-status/ HTTP/1.1" 200 62
INFO 2025-11-12 12:24:49,447 basehttp 8116 14460 "GET /api/check-account-status/ HTTP/1.1" 200 62
INFO 2025-11-12 12:24:51,283 basehttp 8116 14460 "GET /api/check-account-status/ HTTP/1.1" 200 62
INFO 2025-11-12 12:24:53,070 basehttp 8116 14460 "GET /api/check-account-status/ HTTP/1.1" 200 62
INFO 2025-11-12 12:24:54,177 basehttp 8116 8960 "GET /api/check-account-status/ HTTP/1.1" 200 62
INFO 2025-11-12 12:24:54,848 basehttp 8116 14460 "GET /api/check-account-status/ HTTP/1.1" 200 62
INFO 2025-11-12 12:24:56,627 basehttp 8116 14460 "GET /api/check-account-status/ HTTP/1.1" 200 62
INFO 2025-11-12 12:24:57,168 basehttp 8116 20412 "GET /api/check-account-status/ HTTP/1.1" 200 62
INFO 2025-11-12 12:24:58,420 basehttp 8116 14460 "GET /api/check-account-status/ HTTP/1.1" 200 62
INFO 2025-11-12 12:24:58,562 basehttp 8116 8960 "GET /api/check-account-status/ HTTP/1.1" 200 62
INFO 2025-11-12 12:25:00,210 basehttp 8116 14460 "GET /api/check-account-status/ HTTP/1.1" 200 62
INFO 2025-11-12 12:25:01,570 basehttp 8116 8960 "GET /api/check-account-status/ HTTP/1.1" 200 62
INFO 2025-11-12 12:25:01,602 basehttp 8116 20412 "GET /api/check-account-status/ HTTP/1.1" 200 62
INFO 2025-11-12 12:25:02,008 basehttp 8116 14460 "GET /api/check-account-status/ HTTP/1.1" 200 62
INFO 2025-11-12 12:25:03,793 basehttp 8116 14460 "GET /api/check-account-status/ HTTP/1.1" 200 62
INFO 2025-11-12 12:25:04,587 basehttp 8116 20412 "GET /api/check-account-status/ HTTP/1.1" 200 62
INFO 2025-11-12 12:25:05,587 basehttp 8116 14460 "GET /api/check-account-status/ HTTP/1.1" 200 62
INFO 2025-11-12 12:25:07,384 basehttp 8116 14460 "GET /api/check-account-status/ HTTP/1.1" 200 62
INFO 2025-11-12 12:25:07,615 basehttp 8116 20412 "GET /api/check-account-status/ HTTP/1.1" 200 62
INFO 2025-11-12 12:25:09,192 basehttp 8116 14460 "GET /api/check-account-status/ HTTP/1.1" 200 62
INFO 2025-11-12 12:25:10,566 basehttp 8116 8960 "GET /api/check-account-status/ HTTP/1.1" 200 62
INFO 2025-11-12 12:25:10,595 basehttp 8116 20412 "GET /api/check-account-status/ HTTP/1.1" 200 62
INFO 2025-11-12 12:25:10,976 basehttp 8116 14460 "GET /api/check-account-status/ HTTP/1.1" 200 62
INFO 2025-11-12 12:25:12,768 basehttp 8116 14460 "GET /api/check-account-status/ HTTP/1.1" 200 62
INFO 2025-11-12 12:25:14,550 basehttp 8116 14460 "GET /api/check-account-status/ HTTP/1.1" 200 62
INFO 2025-11-12 12:25:14,974 basehttp 8116 16712 "GET /api/check-account-status/ HTTP/1.1" 200 62
INFO 2025-11-12 12:25:16,337 basehttp 8116 14460 "GET /api/check-account-status/ HTTP/1.1" 200 62
INFO 2025-11-12 12:25:18,004 basehttp 8116 17168 "GET /api/check-account-status/ HTTP/1.1" 200 62
INFO 2025-11-12 12:25:18,134 basehttp 8116 14460 "GET /api/check-account-status/ HTTP/1.1" 200 62
INFO 2025-11-12 12:25:19,495 basehttp 8116 16712 "GET /api/check-account-status/ HTTP/1.1" 200 62
INFO 2025-11-12 12:25:19,920 basehttp 8116 14460 "GET /api/check-account-status/ HTTP/1.1" 200 62
INFO 2025-11-12 12:25:21,033 basehttp 8116 13768 "GET /api/check-account-status/ HTTP/1.1" 200 62
INFO 2025-11-12 12:25:21,719 basehttp 8116 14460 "GET /api/check-account-status/ HTTP/1.1" 200 62
INFO 2025-11-12 12:25:22,492 basehttp 8116 16712 "GET /api/check-account-status/ HTTP/1.1" 200 62
INFO 2025-11-12 12:25:23,505 basehttp 8116 14460 "GET /api/check-account-status/ HTTP/1.1" 200 62
INFO 2025-11-12 12:25:25,287 basehttp 8116 14460 "GET /api/check-account-status/ HTTP/1.1" 200 62
INFO 2025-11-12 12:25:25,496 basehttp 8116 16712 "GET /api/check-account-status/ HTTP/1.1" 200 62
INFO 2025-11-12 12:25:27,065 basehttp 8116 14460 "GET /api/check-account-status/ HTTP/1.1" 200 62
INFO 2025-11-12 12:25:28,493 basehttp 8116 16712 "GET /api/check-account-status/ HTTP/1.1" 200 62
INFO 2025-11-12 12:25:28,843 basehttp 8116 14460 "GET /api/check-account-status/ HTTP/1.1" 200 62
INFO 2025-11-12 12:25:30,044 basehttp 8116 17172 "GET /api/check-account-status/ HTTP/1.1" 200 62
INFO 2025-11-12 12:25:30,628 basehttp 8116 14460 "GET /api/check-account-status/ HTTP/1.1" 200 62
INFO 2025-11-12 12:25:31,497 basehttp 8116 16712 "GET /api/check-account-status/ HTTP/1.1" 200 62
INFO 2025-11-12 12:25:32,414 basehttp 8116 14460 "GET /api/check-account-status/ HTTP/1.1" 200 62
INFO 2025-11-12 12:25:34,198 basehttp 8116 14460 "GET /api/check-account-status/ HTTP/1.1" 200 62
INFO 2025-11-12 12:25:34,481 basehttp 8116 16712 "GET /api/check-account-status/ HTTP/1.1" 200 62
INFO 2025-11-12 12:25:36,005 basehttp 8116 14460 "GET /api/check-account-status/ HTTP/1.1" 200 62
INFO 2025-11-12 12:25:37,538 basehttp 8116 16712 "GET /api/check-account-status/ HTTP/1.1" 200 62
INFO 2025-11-12 12:25:37,790 basehttp 8116 14460 "GET /api/check-account-status/ HTTP/1.1" 200 62
INFO 2025-11-12 12:25:39,175 basehttp 8116 2748 "GET /api/check-account-status/ HTTP/1.1" 200 62
INFO 2025-11-12 12:25:39,581 basehttp 8116 14460 "GET /api/check-account-status/ HTTP/1.1" 200 62
INFO 2025-11-12 12:25:40,494 basehttp 8116 16712 "GET /api/check-account-status/ HTTP/1.1" 200 62
INFO 2025-11-12 12:25:41,377 basehttp 8116 14460 "GET /api/check-account-status/ HTTP/1.1" 200 62
INFO 2025-11-12 12:25:43,169 basehttp 8116 14460 "GET /api/check-account-status/ HTTP/1.1" 200 62
INFO 2025-11-12 12:25:43,494 basehttp 8116 16712 "GET /api/check-account-status/ HTTP/1.1" 200 62
INFO 2025-11-12 12:25:44,965 basehttp 8116 14460 "GET /api/check-account-status/ HTTP/1.1" 200 62
INFO 2025-11-12 12:25:46,500 basehttp 8116 16712 "GET /api/check-account-status/ HTTP/1.1" 200 62
INFO 2025-11-12 12:25:46,586 basehttp 8116 2748 "GET /api/check-account-status/ HTTP/1.1" 200 62
INFO 2025-11-12 12:25:46,750 basehttp 8116 14460 "GET /api/check-account-status/ HTTP/1.1" 200 62
INFO 2025-11-12 12:25:48,542 basehttp 8116 14460 "GET /api/check-account-status/ HTTP/1.1" 200 62
INFO 2025-11-12 12:25:49,579 basehttp 8116 2748 "GET /api/check-account-status/ HTTP/1.1" 200 62
INFO 2025-11-12 12:25:50,337 basehttp 8116 14460 "GET /api/check-account-status/ HTTP/1.1" 200 62
INFO 2025-11-12 12:25:52,129 basehttp 8116 14460 "GET /api/check-account-status/ HTTP/1.1" 200 62
INFO 2025-11-12 12:25:52,564 basehttp 8116 2748 "GET /api/check-account-status/ HTTP/1.1" 200 62
INFO 2025-11-12 12:25:53,918 basehttp 8116 14460 "GET /api/check-account-status/ HTTP/1.1" 200 62
INFO 2025-11-12 12:25:55,486 basehttp 8116 16712 "GET /api/check-account-status/ HTTP/1.1" 200 62
INFO 2025-11-12 12:25:55,569 basehttp 8116 2748 "GET /api/check-account-status/ HTTP/1.1" 200 62
INFO 2025-11-12 12:25:55,709 basehttp 8116 14460 "GET /api/check-account-status/ HTTP/1.1" 200 62
INFO 2025-11-12 12:25:57,503 basehttp 8116 14460 "GET /api/check-account-status/ HTTP/1.1" 200 62
INFO 2025-11-12 12:25:58,583 basehttp 8116 2748 "GET /api/check-account-status/ HTTP/1.1" 200 62
INFO 2025-11-12 12:25:59,286 basehttp 8116 14460 "GET /api/check-account-status/ HTTP/1.1" 200 62
INFO 2025-11-12 12:26:01,086 basehttp 8116 14460 "GET /api/check-account-status/ HTTP/1.1" 200 62
INFO 2025-11-12 12:26:01,569 basehttp 8116 2748 "GET /api/check-account-status/ HTTP/1.1" 200 62
INFO 2025-11-12 12:26:02,878 basehttp 8116 14460 "GET /api/check-account-status/ HTTP/1.1" 200 62
INFO 2025-11-12 12:26:04,495 basehttp 8116 16712 "GET /api/check-account-status/ HTTP/1.1" 200 62
INFO 2025-11-12 12:26:04,572 basehttp 8116 2748 "GET /api/check-account-status/ HTTP/1.1" 200 62
INFO 2025-11-12 12:26:04,673 basehttp 8116 14460 "GET /api/check-account-status/ HTTP/1.1" 200 62
INFO 2025-11-12 12:26:06,466 basehttp 8116 14460 "GET /api/check-account-status/ HTTP/1.1" 200 62
INFO 2025-11-12 12:26:07,577 basehttp 8116 2748 "GET /api/check-account-status/ HTTP/1.1" 200 62
INFO 2025-11-12 12:26:08,257 basehttp 8116 14460 "GET /api/check-account-status/ HTTP/1.1" 200 62
INFO 2025-11-12 12:26:10,047 basehttp 8116 14460 "GET /api/check-account-status/ HTTP/1.1" 200 62
INFO 2025-11-12 12:26:10,573 basehttp 8116 2748 "GET /api/check-account-status/ HTTP/1.1" 200 62
INFO 2025-11-12 12:26:11,841 basehttp 8116 14460 "GET /api/check-account-status/ HTTP/1.1" 200 62
INFO 2025-11-12 12:26:13,582 basehttp 8116 2748 "GET /api/check-account-status/ HTTP/1.1" 200 62
INFO 2025-11-12 12:26:13,643 basehttp 8116 14460 "GET /api/check-account-status/ HTTP/1.1" 200 62
INFO 2025-11-12 12:26:15,043 basehttp 8116 20136 "GET /api/check-account-status/ HTTP/1.1" 200 62
INFO 2025-11-12 12:26:15,425 basehttp 8116 14460 "GET /api/check-account-status/ HTTP/1.1" 200 62
INFO 2025-11-12 12:26:16,575 basehttp 8116 2748 "GET /api/check-account-status/ HTTP/1.1" 200 62
INFO 2025-11-12 12:26:17,214 basehttp 8116 14460 "GET /api/check-account-status/ HTTP/1.1" 200 62
INFO 2025-11-12 12:26:19,010 basehttp 8116 14460 "GET /api/check-account-status/ HTTP/1.1" 200 62
INFO 2025-11-12 12:26:19,645 basehttp 8116 2748 "GET /api/check-account-status/ HTTP/1.1" 200 62
INFO 2025-11-12 12:26:20,830 basehttp 8116 14460 "GET /api/check-account-status/ HTTP/1.1" 200 62
INFO 2025-11-12 12:26:22,611 basehttp 8116 14460 "GET /api/check-account-status/ HTTP/1.1" 200 62
INFO 2025-11-12 12:26:22,747 basehttp 8116 2748 "GET /api/check-account-status/ HTTP/1.1" 200 62
INFO 2025-11-12 12:26:24,500 basehttp 8116 14460 "GET /api/check-account-status/ HTTP/1.1" 200 62
INFO 2025-11-12 12:26:25,995 basehttp 8116 2748 "GET /api/check-account-status/ HTTP/1.1" 200 62
INFO 2025-11-12 12:26:26,283 basehttp 8116 14460 "GET /api/check-account-status/ HTTP/1.1" 200 62
INFO 2025-11-12 12:26:27,365 basehttp 8116 18404 "GET /api/check-account-status/ HTTP/1.1" 200 62
INFO 2025-11-12 12:26:28,070 basehttp 8116 14460 "GET /api/check-account-status/ HTTP/1.1" 200 62
INFO 2025-11-12 12:26:29,869 basehttp 8116 14460 "GET /api/check-account-status/ HTTP/1.1" 200 62
INFO 2025-11-12 12:26:30,136 basehttp 8116 8308 "GET /api/check-account-status/ HTTP/1.1" 200 62
INFO 2025-11-12 12:26:31,480 basehttp 8116 18404 "GET /api/check-account-status/ HTTP/1.1" 200 62
INFO 2025-11-12 12:26:31,655 basehttp 8116 14460 "GET /api/check-account-status/ HTTP/1.1" 200 62
INFO 2025-11-12 12:26:33,000 basehttp 8116 8360 "GET /api/check-account-status/ HTTP/1.1" 200 62
INFO 2025-11-12 12:26:33,447 basehttp 8116 14460 "GET /api/check-account-status/ HTTP/1.1" 200 62
INFO 2025-11-12 12:26:37,559 basehttp 8116 14460 "GET /api/check-account-status/ HTTP/1.1" 200 62
INFO 2025-11-12 12:26:39,339 basehttp 8116 14460 "GET /api/check-account-status/ HTTP/1.1" 200 62
INFO 2025-11-12 12:26:41,133 basehttp 8116 14460 "GET /api/check-account-status/ HTTP/1.1" 200 62
INFO 2025-11-12 12:27:30,036 autoreload 17008 2488 C:\Users\ASUS\OneDrive\Desktop\capstone\Inventory-and-Sales-Management-System-for-Reals-Food-Products\projectsite\realsproj\views.py changed, reloading.
INFO 2025-11-12 12:27:30,613 autoreload 8116 11260 C:\Users\ASUS\OneDrive\Desktop\capstone\Inventory-and-Sales-Management-System-for-Reals-Food-Products\projectsite\realsproj\views.py changed, reloading.
INFO 2025-11-12 12:27:32,123 autoreload 10568 15480 Watching for file changes with StatReloader
INFO 2025-11-12 12:27:34,544 autoreload 1444 14128 Watching for file changes with StatReloader
INFO 2025-11-12 12:27:39,707 basehttp 10568 21552 "GET /api/check-account-status/ HTTP/1.1" 200 62
INFO 2025-11-12 12:27:41,498 basehttp 10568 21552 "GET /api/check-account-status/ HTTP/1.1" 200 62
INFO 2025-11-12 12:27:43,296 basehttp 10568 21552 "GET /api/check-account-status/ HTTP/1.1" 200 62
INFO 2025-11-12 12:28:02,248 autoreload 10568 15480 C:\Users\ASUS\OneDrive\Desktop\capstone\Inventory-and-Sales-Management-System-for-Reals-Food-Products\projectsite\realsproj\views.py changed, reloading.
INFO 2025-11-12 12:28:02,949 autoreload 1444 14128 C:\Users\ASUS\OneDrive\Desktop\capstone\Inventory-and-Sales-Management-System-for-Reals-Food-Products\projectsite\realsproj\views.py changed, reloading.
INFO 2025-11-12 12:28:03,960 autoreload 21892 20388 Watching for file changes with StatReloader
INFO 2025-11-12 12:28:05,419 autoreload 19532 21444 Watching for file changes with StatReloader
INFO 2025-11-12 12:28:21,863 autoreload 19532 21444 C:\Users\ASUS\OneDrive\Desktop\capstone\Inventory-and-Sales-Management-System-for-Reals-Food-Products\projectsite\realsproj\views.py changed, reloading.
INFO 2025-11-12 12:28:22,208 autoreload 21892 20388 C:\Users\ASUS\OneDrive\Desktop\capstone\Inventory-and-Sales-Management-System-for-Reals-Food-Products\projectsite\realsproj\views.py changed, reloading.
INFO 2025-11-12 12:28:24,032 autoreload 17952 22260 Watching for file changes with StatReloader
INFO 2025-11-12 12:28:24,377 autoreload 20720 17452 Watching for file changes with StatReloader
INFO 2025-11-12 12:28:39,021 basehttp 17952 10072 "GET /api/check-account-status/ HTTP/1.1" 200 62
INFO 2025-11-12 12:28:40,711 basehttp 17952 10072 "GET /api/check-account-status/ HTTP/1.1" 200 62
INFO 2025-11-12 12:28:42,403 basehttp 17952 10072 "GET /api/check-account-status/ HTTP/1.1" 200 62
INFO 2025-11-12 12:28:47,786 basehttp 17952 10072 "GET /api/check-account-status/ HTTP/1.1" 200 62
INFO 2025-11-12 12:28:49,484 basehttp 17952 10072 "GET /api/check-account-status/ HTTP/1.1" 200 62
INFO 2025-11-12 12:28:51,188 basehttp 17952 10072 "GET /api/check-account-status/ HTTP/1.1" 200 62
INFO 2025-11-12 12:28:52,887 basehttp 17952 10072 "GET /api/check-account-status/ HTTP/1.1" 200 62
ERROR 2025-11-12 12:28:54,337 log 17952 24740 Internal Server Error: /report/
Traceback (most recent call last):
  File "C:\Users\ASUS\AppData\Local\Programs\Python\Python310\lib\site-packages\django\core\handlers\exception.py", line 55, in inner
    response = get_response(request)
  File "C:\Users\ASUS\AppData\Local\Programs\Python\Python310\lib\site-packages\django\core\handlers\base.py", line 197, in _get_response
    response = wrapped_callback(request, *callback_args, **callback_kwargs)
  File "C:\Users\ASUS\OneDrive\Desktop\capstone\Inventory-and-Sales-Management-System-for-Reals-Food-Products\projectsite\realsproj\views.py", line 354, in monthly_report
    all_months = sorted(all_months)
TypeError: can't compare datetime.datetime to datetime.date
ERROR 2025-11-12 12:28:54,341 basehttp 17952 24740 "GET /report/ HTTP/1.1" 500 76199
INFO 2025-11-12 12:28:54,581 basehttp 17952 10072 - Broken pipe from ('127.0.0.1', 51573)
INFO 2025-11-12 12:28:56,098 basehttp 17952 24740 "GET /api/check-account-status/ HTTP/1.1" 200 62
WARNING 2025-11-12 12:28:57,561 log 17952 2096 Not Found: /favicon.ico
WARNING 2025-11-12 12:28:57,562 basehttp 17952 2096 "GET /favicon.ico HTTP/1.1" 404 29221
INFO 2025-11-12 12:28:57,837 basehttp 17952 24740 "GET /api/check-account-status/ HTTP/1.1" 200 62
INFO 2025-11-12 12:28:59,578 basehttp 17952 24740 "GET /api/check-account-status/ HTTP/1.1" 200 62
INFO 2025-11-12 12:29:02,524 basehttp 17952 24740 "GET /api/check-account-status/ HTTP/1.1" 200 62
INFO 2025-11-12 12:29:05,519 basehttp 17952 24740 "GET /api/check-account-status/ HTTP/1.1" 200 62
INFO 2025-11-12 12:29:10,207 basehttp 17952 13772 "GET /api/check-account-status/ HTTP/1.1" 200 62
INFO 2025-11-12 12:29:12,046 autoreload 20720 17452 C:\Users\ASUS\OneDrive\Desktop\capstone\Inventory-and-Sales-Management-System-for-Reals-Food-Products\projectsite\realsproj\views.py changed, reloading.
INFO 2025-11-12 12:29:12,114 basehttp 17952 13772 "GET /api/check-account-status/ HTTP/1.1" 200 62
INFO 2025-11-12 12:29:12,524 autoreload 17952 22260 C:\Users\ASUS\OneDrive\Desktop\capstone\Inventory-and-Sales-Management-System-for-Reals-Food-Products\projectsite\realsproj\views.py changed, reloading.
INFO 2025-11-12 12:29:13,655 autoreload 13864 22104 Watching for file changes with StatReloader
INFO 2025-11-12 12:29:15,323 autoreload 13024 17540 Watching for file changes with StatReloader
INFO 2025-11-12 12:29:20,416 basehttp 13864 6560 "GET /api/check-account-status/ HTTP/1.1" 200 62
INFO 2025-11-12 12:29:22,189 basehttp 13864 6560 "GET /api/check-account-status/ HTTP/1.1" 200 62
INFO 2025-11-12 12:29:23,960 basehttp 13864 6560 "GET /api/check-account-status/ HTTP/1.1" 200 62
INFO 2025-11-12 12:29:26,606 basehttp 13864 6560 "GET /api/check-account-status/ HTTP/1.1" 200 62
INFO 2025-11-12 12:29:29,587 basehttp 13864 6560 "GET /api/check-account-status/ HTTP/1.1" 200 62
INFO 2025-11-12 12:29:30,239 autoreload 13864 22104 C:\Users\ASUS\OneDrive\Desktop\capstone\Inventory-and-Sales-Management-System-for-Reals-Food-Products\projectsite\realsproj\views.py changed, reloading.
INFO 2025-11-12 12:29:31,020 autoreload 13024 17540 C:\Users\ASUS\OneDrive\Desktop\capstone\Inventory-and-Sales-Management-System-for-Reals-Food-Products\projectsite\realsproj\views.py changed, reloading.
INFO 2025-11-12 12:29:32,262 autoreload 24116 5188 Watching for file changes with StatReloader
INFO 2025-11-12 12:29:33,534 autoreload 20196 19236 Watching for file changes with StatReloader
INFO 2025-11-12 12:29:38,631 basehttp 24116 11232 "GET /api/check-account-status/ HTTP/1.1" 200 62
INFO 2025-11-12 12:29:40,414 basehttp 24116 11232 "GET /api/check-account-status/ HTTP/1.1" 200 62
INFO 2025-11-12 12:29:42,185 basehttp 24116 11232 "GET /api/check-account-status/ HTTP/1.1" 200 62
INFO 2025-11-12 12:29:43,961 basehttp 24116 11232 "GET /api/check-account-status/ HTTP/1.1" 200 62
INFO 2025-11-12 12:29:45,844 basehttp 24116 11232 "GET /api/check-account-status/ HTTP/1.1" 200 62
INFO 2025-11-12 12:29:46,132 autoreload 20196 19236 C:\Users\ASUS\OneDrive\Desktop\capstone\Inventory-and-Sales-Management-System-for-Reals-Food-Products\projectsite\realsproj\views.py changed, reloading.
INFO 2025-11-12 12:29:46,181 autoreload 24116 5188 C:\Users\ASUS\OneDrive\Desktop\capstone\Inventory-and-Sales-Management-System-for-Reals-Food-Products\projectsite\realsproj\views.py changed, reloading.
INFO 2025-11-12 12:29:48,007 autoreload 22036 19076 Watching for file changes with StatReloader
INFO 2025-11-12 12:29:48,029 autoreload 7744 6236 Watching for file changes with StatReloader
INFO 2025-11-12 12:29:59,627 autoreload 22036 19076 C:\Users\ASUS\OneDrive\Desktop\capstone\Inventory-and-Sales-Management-System-for-Reals-Food-Products\projectsite\realsproj\views.py changed, reloading.
INFO 2025-11-12 12:29:59,666 autoreload 7744 6236 C:\Users\ASUS\OneDrive\Desktop\capstone\Inventory-and-Sales-Management-System-for-Reals-Food-Products\projectsite\realsproj\views.py changed, reloading.
INFO 2025-11-12 12:30:01,362 autoreload 8844 5296 Watching for file changes with StatReloader
INFO 2025-11-12 12:30:01,413 autoreload 18128 14376 Watching for file changes with StatReloader
INFO 2025-11-12 12:30:26,295 basehttp 8844 11640 "GET /report/ HTTP/1.1" 200 49588
INFO 2025-11-12 12:30:26,504 basehttp 8844 16548 "GET /static/css/ready.css HTTP/1.1" 200 122138
INFO 2025-11-12 12:30:26,505 basehttp 8844 22028 "GET /static/css/base.css HTTP/1.1" 200 31662
INFO 2025-11-12 12:30:26,509 basehttp 8844 24216 "GET /static/css/demo.css HTTP/1.1" 200 1671
INFO 2025-11-12 12:30:26,511 basehttp 8844 14448 "GET /static/js/core/jquery.3.2.1.min.js HTTP/1.1" 200 86663
INFO 2025-11-12 12:30:26,523 basehttp 8844 11640 "GET /static/css/bootstrap.min.css HTTP/1.1" 200 144883
INFO 2025-11-12 12:30:26,528 basehttp 8844 8332 "GET /static/img/reals.jpg HTTP/1.1" 200 105434
INFO 2025-11-12 12:30:26,549 basehttp 8844 16548 "GET /static/js/plugin/bootstrap-notify/bootstrap-notify.min.js HTTP/1.1" 200 8976
INFO 2025-11-12 12:30:26,551 basehttp 8844 24216 "GET /static/js/plugin/chartist/chartist.min.js HTTP/1.1" 200 40223
INFO 2025-11-12 12:30:26,589 basehttp 8844 22028 "GET /static/js/plugin/chartist/plugin/chartist-plugin-tooltip.min.js HTTP/1.1" 200 7371
INFO 2025-11-12 12:30:26,619 basehttp 8844 11640 "GET /static/js/core/bootstrap.min.js HTTP/1.1" 200 48950
INFO 2025-11-12 12:30:26,660 basehttp 8844 14448 "GET /static/js/plugin/jquery-ui-1.12.1.custom/jquery-ui.min.js HTTP/1.1" 200 95109
INFO 2025-11-12 12:30:26,661 basehttp 8844 8332 "GET /static/js/core/popper.min.js HTTP/1.1" 200 18998
INFO 2025-11-12 12:30:26,694 basehttp 8844 24216 "GET /static/js/plugin/jquery-mapael/jquery.mapael.min.js HTTP/1.1" 200 125093
INFO 2025-11-12 12:30:26,695 basehttp 8844 16548 "GET /static/js/plugin/bootstrap-toggle/bootstrap-toggle.min.js HTTP/1.1" 200 4137
INFO 2025-11-12 12:30:26,775 basehttp 8844 22028 "GET /static/fonts/line-awesome.woff2?v=1.1. HTTP/1.1" 200 45108
INFO 2025-11-12 12:30:26,777 basehttp 8844 14448 "GET /static/js/plugin/jquery-scrollbar/jquery.scrollbar.min.js HTTP/1.1" 200 12263
INFO 2025-11-12 12:30:26,782 basehttp 8844 16548 "GET /static/img/menu2.png HTTP/1.1" 200 3448
INFO 2025-11-12 12:30:26,786 basehttp 8844 8332 "GET /static/js/plugin/chart-circle/circles.min.js HTTP/1.1" 200 5356
INFO 2025-11-12 12:30:26,791 basehttp 8844 11640 "GET /static/js/plugin/jquery-mapael/maps/world_countries.min.js HTTP/1.1" 200 125623
WARNING 2025-11-12 12:30:26,828 basehttp 8844 24216 "GET /static/js/ready.js HTTP/1.1" 404 1792
INFO 2025-11-12 12:30:28,619 basehttp 8844 11640 "GET /api/check-account-status/ HTTP/1.1" 200 62
WARNING 2025-11-12 12:30:29,908 log 8844 8332 Not Found: /favicon.ico
WARNING 2025-11-12 12:30:29,910 basehttp 8844 8332 "GET /favicon.ico HTTP/1.1" 404 29221
INFO 2025-11-12 12:30:31,580 basehttp 8844 11640 "GET /api/check-account-status/ HTTP/1.1" 200 62
INFO 2025-11-12 12:30:34,577 basehttp 8844 11640 "GET /api/check-account-status/ HTTP/1.1" 200 62
INFO 2025-11-12 12:30:37,480 basehttp 8844 11640 "GET /api/check-account-status/ HTTP/1.1" 200 62
INFO 2025-11-12 12:30:39,189 basehttp 8844 11640 "GET /api/check-account-status/ HTTP/1.1" 200 62
INFO 2025-11-12 12:30:40,893 basehttp 8844 11640 "GET /api/check-account-status/ HTTP/1.1" 200 62
INFO 2025-11-12 12:30:42,602 basehttp 8844 11640 "GET /api/check-account-status/ HTTP/1.1" 200 62
INFO 2025-11-12 12:30:44,307 basehttp 8844 11640 "GET /api/check-account-status/ HTTP/1.1" 200 62
INFO 2025-11-12 12:30:46,569 basehttp 8844 11640 "GET /api/check-account-status/ HTTP/1.1" 200 62
INFO 2025-11-12 12:30:49,580 basehttp 8844 11640 "GET /api/check-account-status/ HTTP/1.1" 200 62
INFO 2025-11-12 12:30:52,569 basehttp 8844 11640 "GET /api/check-account-status/ HTTP/1.1" 200 62
INFO 2025-11-12 12:30:55,584 basehttp 8844 11640 "GET /api/check-account-status/ HTTP/1.1" 200 62
INFO 2025-11-12 12:30:58,854 basehttp 8844 11640 "GET /api/check-account-status/ HTTP/1.1" 200 62
INFO 2025-11-12 12:31:01,577 basehttp 8844 11640 "GET /api/check-account-status/ HTTP/1.1" 200 62
INFO 2025-11-12 12:31:07,546 basehttp 8844 11640 "GET /api/check-account-status/ HTTP/1.1" 200 62
INFO 2025-11-12 12:31:09,250 basehttp 8844 11640 "GET /api/check-account-status/ HTTP/1.1" 200 62
INFO 2025-11-12 12:31:10,953 basehttp 8844 11640 "GET /api/check-account-status/ HTTP/1.1" 200 62
INFO 2025-11-12 12:31:13,631 basehttp 8844 11640 "GET /api/check-account-status/ HTTP/1.1" 200 62
INFO 2025-11-12 12:31:16,577 basehttp 8844 11640 "GET /api/check-account-status/ HTTP/1.1" 200 62
INFO 2025-11-12 12:31:21,208 basehttp 8844 21316 "GET /api/check-account-status/ HTTP/1.1" 200 62
INFO 2025-11-12 12:31:22,986 basehttp 8844 21316 "GET /api/check-account-status/ HTTP/1.1" 200 62
INFO 2025-11-12 12:31:25,651 basehttp 8844 21316 "GET /api/check-account-status/ HTTP/1.1" 200 62
INFO 2025-11-12 12:31:30,075 basehttp 8844 12508 "GET /api/check-account-status/ HTTP/1.1" 200 62
INFO 2025-11-12 12:31:31,783 basehttp 8844 12508 "GET /api/check-account-status/ HTTP/1.1" 200 62
INFO 2025-11-12 12:31:34,607 basehttp 8844 12508 "GET /api/check-account-status/ HTTP/1.1" 200 62
INFO 2025-11-12 12:31:37,498 basehttp 8844 12508 "GET /api/check-account-status/ HTTP/1.1" 200 62
INFO 2025-11-12 12:31:39,219 basehttp 8844 12508 "GET /api/check-account-status/ HTTP/1.1" 200 62
INFO 2025-11-12 12:31:40,925 basehttp 8844 12508 "GET /api/check-account-status/ HTTP/1.1" 200 62
INFO 2025-11-12 12:31:43,562 basehttp 8844 12508 "GET /api/check-account-status/ HTTP/1.1" 200 62
INFO 2025-11-12 12:31:46,569 basehttp 8844 12508 "GET /api/check-account-status/ HTTP/1.1" 200 62
INFO 2025-11-12 12:31:49,569 basehttp 8844 12508 "GET /api/check-account-status/ HTTP/1.1" 200 62
INFO 2025-11-12 12:31:52,569 basehttp 8844 12508 "GET /api/check-account-status/ HTTP/1.1" 200 62
INFO 2025-11-12 12:31:55,574 basehttp 8844 12508 "GET /api/check-account-status/ HTTP/1.1" 200 62
INFO 2025-11-12 12:31:58,577 basehttp 8844 12508 "GET /api/check-account-status/ HTTP/1.1" 200 62
INFO 2025-11-12 12:32:01,579 basehttp 8844 12508 "GET /api/check-account-status/ HTTP/1.1" 200 62
INFO 2025-11-12 12:32:04,569 basehttp 8844 12508 "GET /api/check-account-status/ HTTP/1.1" 200 62
INFO 2025-11-12 12:32:07,569 basehttp 8844 12508 "GET /api/check-account-status/ HTTP/1.1" 200 62
INFO 2025-11-12 12:32:10,574 basehttp 8844 12508 "GET /api/check-account-status/ HTTP/1.1" 200 62
INFO 2025-11-12 12:32:13,617 basehttp 8844 12508 "GET /api/check-account-status/ HTTP/1.1" 200 62
INFO 2025-11-12 12:32:16,617 basehttp 8844 12508 "GET /api/check-account-status/ HTTP/1.1" 200 62
INFO 2025-11-12 12:32:18,928 basehttp 8844 12508 "GET /api/check-account-status/ HTTP/1.1" 200 62
INFO 2025-11-12 12:32:20,632 basehttp 8844 12508 "GET /api/check-account-status/ HTTP/1.1" 200 62
INFO 2025-11-12 12:32:22,331 basehttp 8844 12508 "GET /api/check-account-status/ HTTP/1.1" 200 62
INFO 2025-11-12 12:32:24,030 basehttp 8844 12508 "GET /api/check-account-status/ HTTP/1.1" 200 62
INFO 2025-11-12 12:32:25,737 basehttp 8844 12508 "GET /api/check-account-status/ HTTP/1.1" 200 62
INFO 2025-11-12 12:32:27,446 basehttp 8844 12508 "GET /api/check-account-status/ HTTP/1.1" 200 62
INFO 2025-11-12 12:32:29,155 basehttp 8844 12508 "GET /api/check-account-status/ HTTP/1.1" 200 62
INFO 2025-11-12 12:32:30,854 basehttp 8844 12508 "GET /api/check-account-status/ HTTP/1.1" 200 62
INFO 2025-11-12 12:32:32,557 basehttp 8844 12508 "GET /api/check-account-status/ HTTP/1.1" 200 62
INFO 2025-11-12 12:32:34,258 basehttp 8844 12508 "GET /api/check-account-status/ HTTP/1.1" 200 62
INFO 2025-11-12 12:32:35,960 basehttp 8844 12508 "GET /api/check-account-status/ HTTP/1.1" 200 62
INFO 2025-11-12 12:32:37,665 basehttp 8844 12508 "GET /api/check-account-status/ HTTP/1.1" 200 62
INFO 2025-11-12 12:32:39,369 basehttp 8844 12508 "GET /api/check-account-status/ HTTP/1.1" 200 62
INFO 2025-11-12 12:32:41,065 basehttp 8844 12508 "GET /api/check-account-status/ HTTP/1.1" 200 62
INFO 2025-11-12 12:32:42,769 basehttp 8844 12508 "GET /api/check-account-status/ HTTP/1.1" 200 62
INFO 2025-11-12 12:32:44,471 basehttp 8844 12508 "GET /api/check-account-status/ HTTP/1.1" 200 62
INFO 2025-11-12 12:32:46,174 basehttp 8844 12508 "GET /api/check-account-status/ HTTP/1.1" 200 62
INFO 2025-11-12 12:32:47,916 basehttp 8844 12508 "GET /api/check-account-status/ HTTP/1.1" 200 62
INFO 2025-11-12 12:32:49,630 basehttp 8844 12508 "GET /api/check-account-status/ HTTP/1.1" 200 62
INFO 2025-11-12 12:32:51,344 basehttp 8844 12508 "GET /api/check-account-status/ HTTP/1.1" 200 62
INFO 2025-11-12 12:32:53,059 basehttp 8844 12508 "GET /api/check-account-status/ HTTP/1.1" 200 62
INFO 2025-11-12 12:32:54,787 basehttp 8844 12508 "GET /api/check-account-status/ HTTP/1.1" 200 62
INFO 2025-11-12 12:32:56,497 basehttp 8844 12508 "GET /api/check-account-status/ HTTP/1.1" 200 62
INFO 2025-11-12 12:32:58,214 basehttp 8844 12508 "GET /api/check-account-status/ HTTP/1.1" 200 62
INFO 2025-11-12 12:32:59,931 basehttp 8844 12508 "GET /api/check-account-status/ HTTP/1.1" 200 62
INFO 2025-11-12 12:33:01,644 basehttp 8844 12508 "GET /api/check-account-status/ HTTP/1.1" 200 62
INFO 2025-11-12 12:33:03,093 basehttp 8844 13736 "GET /api/check-account-status/ HTTP/1.1" 200 62
INFO 2025-11-12 12:33:03,362 basehttp 8844 12508 "GET /api/check-account-status/ HTTP/1.1" 200 62
INFO 2025-11-12 12:33:05,062 basehttp 8844 12508 "GET /api/check-account-status/ HTTP/1.1" 200 62
INFO 2025-11-12 12:33:05,994 basehttp 8844 14348 "GET /api/check-account-status/ HTTP/1.1" 200 62
INFO 2025-11-12 12:33:06,773 basehttp 8844 12508 "GET /api/check-account-status/ HTTP/1.1" 200 62
INFO 2025-11-12 12:33:07,530 basehttp 8844 13736 "GET /api/check-account-status/ HTTP/1.1" 200 62
INFO 2025-11-12 12:33:08,475 basehttp 8844 12508 "GET /api/check-account-status/ HTTP/1.1" 200 62
INFO 2025-11-12 12:33:10,177 basehttp 8844 12508 "GET /api/check-account-status/ HTTP/1.1" 200 62
INFO 2025-11-12 12:33:10,540 basehttp 8844 13736 "GET /api/check-account-status/ HTTP/1.1" 200 62
INFO 2025-11-12 12:33:11,878 basehttp 8844 12508 "GET /api/check-account-status/ HTTP/1.1" 200 62
INFO 2025-11-12 12:33:13,512 basehttp 8844 14348 "GET /api/check-account-status/ HTTP/1.1" 200 62
INFO 2025-11-12 12:33:13,617 basehttp 8844 12508 "GET /api/check-account-status/ HTTP/1.1" 200 62
INFO 2025-11-12 12:33:13,621 basehttp 8844 13736 "GET /api/check-account-status/ HTTP/1.1" 200 62
INFO 2025-11-12 12:33:15,314 basehttp 8844 12508 "GET /api/check-account-status/ HTTP/1.1" 200 62
INFO 2025-11-12 12:33:16,708 basehttp 8844 13736 "GET /api/check-account-status/ HTTP/1.1" 200 62
INFO 2025-11-12 12:33:17,014 basehttp 8844 12508 "GET /api/check-account-status/ HTTP/1.1" 200 62
INFO 2025-11-12 12:33:18,712 basehttp 8844 12508 "GET /api/check-account-status/ HTTP/1.1" 200 62
INFO 2025-11-12 12:33:19,522 basehttp 8844 13736 "GET /api/check-account-status/ HTTP/1.1" 200 62
INFO 2025-11-12 12:33:20,414 basehttp 8844 12508 "GET /api/check-account-status/ HTTP/1.1" 200 62
INFO 2025-11-12 12:33:22,115 basehttp 8844 12508 "GET /api/check-account-status/ HTTP/1.1" 200 62
INFO 2025-11-12 12:33:22,538 basehttp 8844 13736 "GET /api/check-account-status/ HTTP/1.1" 200 62
INFO 2025-11-12 12:33:23,813 basehttp 8844 12508 "GET /api/check-account-status/ HTTP/1.1" 200 62
INFO 2025-11-12 12:33:25,509 basehttp 8844 14348 "GET /api/check-account-status/ HTTP/1.1" 200 62
INFO 2025-11-12 12:33:25,527 basehttp 8844 12508 "GET /api/check-account-status/ HTTP/1.1" 200 62
INFO 2025-11-12 12:33:25,534 basehttp 8844 13736 "GET /api/check-account-status/ HTTP/1.1" 200 62
INFO 2025-11-12 12:33:27,229 basehttp 8844 12508 "GET /api/check-account-status/ HTTP/1.1" 200 62
INFO 2025-11-12 12:33:28,511 basehttp 8844 13736 "GET /api/check-account-status/ HTTP/1.1" 200 62
INFO 2025-11-12 12:33:28,927 basehttp 8844 12508 "GET /api/check-account-status/ HTTP/1.1" 200 62
INFO 2025-11-12 12:33:30,628 basehttp 8844 12508 "GET /api/check-account-status/ HTTP/1.1" 200 62
INFO 2025-11-12 12:33:31,491 basehttp 8844 14348 "GET /api/check-account-status/ HTTP/1.1" 200 62
INFO 2025-11-12 12:33:31,673 basehttp 8844 13736 "GET /report/export/ HTTP/1.1" 200 515
INFO 2025-11-12 12:33:32,324 basehttp 8844 12508 "GET /api/check-account-status/ HTTP/1.1" 200 62
INFO 2025-11-12 12:33:34,030 basehttp 8844 12508 "GET /api/check-account-status/ HTTP/1.1" 200 62
INFO 2025-11-12 12:33:34,532 basehttp 8844 13736 "GET /api/check-account-status/ HTTP/1.1" 200 62
INFO 2025-11-12 12:33:35,729 basehttp 8844 12508 "GET /api/check-account-status/ HTTP/1.1" 200 62
INFO 2025-11-12 12:33:37,438 basehttp 8844 12508 "GET /api/check-account-status/ HTTP/1.1" 200 62
INFO 2025-11-12 12:33:37,553 basehttp 8844 13736 "GET /api/check-account-status/ HTTP/1.1" 200 62
INFO 2025-11-12 12:33:39,166 basehttp 8844 12508 "GET /api/check-account-status/ HTTP/1.1" 200 62
INFO 2025-11-12 12:33:40,521 basehttp 8844 13736 "GET /api/check-account-status/ HTTP/1.1" 200 62
INFO 2025-11-12 12:33:40,862 basehttp 8844 12508 "GET /api/check-account-status/ HTTP/1.1" 200 62
INFO 2025-11-12 12:33:42,562 basehttp 8844 12508 "GET /api/check-account-status/ HTTP/1.1" 200 62
INFO 2025-11-12 12:33:44,262 basehttp 8844 12508 "GET /api/check-account-status/ HTTP/1.1" 200 62
INFO 2025-11-12 12:33:45,964 basehttp 8844 12508 "GET /api/check-account-status/ HTTP/1.1" 200 62
INFO 2025-11-12 12:33:47,664 basehttp 8844 12508 "GET /api/check-account-status/ HTTP/1.1" 200 62
INFO 2025-11-12 12:33:49,368 basehttp 8844 12508 "GET /api/check-account-status/ HTTP/1.1" 200 62
INFO 2025-11-12 12:33:51,076 basehttp 8844 25136 "GET /api/check-account-status/ HTTP/1.1" 200 62
INFO 2025-11-12 12:33:51,083 basehttp 8844 12508 "GET /api/check-account-status/ HTTP/1.1" 200 62
INFO 2025-11-12 12:33:52,779 basehttp 8844 12508 "GET /api/check-account-status/ HTTP/1.1" 200 62
INFO 2025-11-12 12:33:54,050 basehttp 8844 22600 "GET /api/check-account-status/ HTTP/1.1" 200 62
INFO 2025-11-12 12:33:54,050 basehttp 8844 22008 "GET /api/check-account-status/ HTTP/1.1" 200 62
INFO 2025-11-12 12:33:54,477 basehttp 8844 12508 "GET /api/check-account-status/ HTTP/1.1" 200 62
INFO 2025-11-12 12:33:55,508 basehttp 8844 25136 "GET /api/check-account-status/ HTTP/1.1" 200 62
INFO 2025-11-12 12:33:56,175 basehttp 8844 12508 "GET /api/check-account-status/ HTTP/1.1" 200 62
INFO 2025-11-12 12:33:57,875 basehttp 8844 12508 "GET /api/check-account-status/ HTTP/1.1" 200 62
INFO 2025-11-12 12:33:58,930 basehttp 8844 25136 "GET /api/check-account-status/ HTTP/1.1" 200 62
INFO 2025-11-12 12:33:59,569 basehttp 8844 12508 "GET /api/check-account-status/ HTTP/1.1" 200 62
INFO 2025-11-12 12:34:01,279 basehttp 8844 12508 "GET /api/check-account-status/ HTTP/1.1" 200 62
INFO 2025-11-12 12:34:01,512 basehttp 8844 25136 "GET /api/check-account-status/ HTTP/1.1" 200 62
INFO 2025-11-12 12:34:02,977 basehttp 8844 12508 "GET /api/check-account-status/ HTTP/1.1" 200 62
INFO 2025-11-12 12:34:04,521 basehttp 8844 25136 "GET /api/check-account-status/ HTTP/1.1" 200 62
INFO 2025-11-12 12:34:04,537 basehttp 8844 22008 "GET /api/check-account-status/ HTTP/1.1" 200 62
INFO 2025-11-12 12:34:04,680 basehttp 8844 12508 "GET /api/check-account-status/ HTTP/1.1" 200 62
INFO 2025-11-12 12:34:06,382 basehttp 8844 12508 "GET /api/check-account-status/ HTTP/1.1" 200 62
INFO 2025-11-12 12:34:07,534 basehttp 8844 22008 "GET /api/check-account-status/ HTTP/1.1" 200 62
INFO 2025-11-12 12:34:08,080 basehttp 8844 12508 "GET /api/check-account-status/ HTTP/1.1" 200 62
INFO 2025-11-12 12:34:09,782 basehttp 8844 12508 "GET /api/check-account-status/ HTTP/1.1" 200 62
INFO 2025-11-12 12:34:10,519 basehttp 8844 22008 "GET /api/check-account-status/ HTTP/1.1" 200 62
INFO 2025-11-12 12:34:11,472 basehttp 8844 12508 "GET /api/check-account-status/ HTTP/1.1" 200 62
INFO 2025-11-12 12:34:13,163 basehttp 8844 12508 "GET /api/check-account-status/ HTTP/1.1" 200 62
INFO 2025-11-12 12:34:13,817 basehttp 8844 22008 "GET /api/check-account-status/ HTTP/1.1" 200 62
INFO 2025-11-12 12:34:14,965 basehttp 8844 12508 "GET /api/check-account-status/ HTTP/1.1" 200 62
